ID,Mobil03,Mobil04,Mobil05,Mobil06,Mobil07,Mobil08,Mobil09,Mobil13,Mobil14,Mobil15,Mobil16,Mobil17,Mobil18,Mobil19,Mobil20,Mobil24,Mobil26
10350017,4,5,3,1,1,1,5,5,1,5,1,5,5,5,1,5,5
10350075,3,5,3,4,4,3,5,5,5,4,3,4,5,4,1,2,2
10350085,3,4,4,5,5,1,2,5,5,3,5,4,6,6,6,3,6
10350086,3,4,3,5,2,1,3,5,4,3,5,3,3,3,2,2,2
10350100,3,4,2,5,4,2,4,2,4,4,4,2,5,2,1,1,2
10350125,6,4,2,4,2,2,4,4,4,4,4,2,3,2,2,2,1
10350133,3,4,3,5,5,3,3,5,2,3,3,3,3,4,3,3,3
10350197,2,5,1,4,5,1,4,5,4,5,4,6,6,6,6,1,1
10350199,2,4,6,4,4,1,3,5,3,3,3,5,4,6,6,2,6
10350271,1,1,1,2,4,2,4,5,2,4,2,4,4,2,6,1,6
10350272,6,6,6,6,6,3,3,3,3,3,3,6,6,6,6,6,6
10359998,6,3,6,5,5,6,6,4,3,4,3,6,3,6,6,1,6
10360009,5,4,2,5,5,3,2,5,3,3,4,4,4,3,6,3,3
10360011,2,5,2,5,5,2,4,4,3,4,4,4,2,3,3,2,2
10360013,4,4,2,5,4,2,3,5,4,4,5,5,5,1,1,2,1
10360014,4,4,2,5,4,2,3,5,4,4,3,3,3,1,1,2,1
10360016,6,3,1,5,5,1,3,5,4,4,4,5,5,2,6,1,6
10360023,2,4,3,5,4,2,4,5,3,3,2,3,5,3,3,2,3
10360024,3,3,4,2,5,1,5,5,2,2,2,4,1,5,3,2,4
10360035,1,4,6,5,4,2,4,4,2,2,2,6,5,6,6,2,6
10360095,2,5,2,5,4,2,4,5,4,4,2,4,4,2,1,2,2
10360113,2,4,3,4,4,2,3,4,2,3,4,4,4,6,6,6,6
10360122,4,2,2,5,2,2,4,5,4,4,4,4,4,2,6,1,1
10360139,1,3,1,5,4,1,3,5,4,4,4,5,5,3,6,1,1
10360159,2,5,1,5,5,3,3,4,4,3,4,6,5,2,6,3,6
10360162,6,6,6,4,4,6,5,4,5,1,1,6,4,4,1,1,6
10360177,1,5,1,5,5,1,5,5,3,3,4,5,5,1,1,2,1
10360193,5,4,6,4,5,3,4,5,3,3,4,5,1,4,6,6,6
10360195,6,4,2,4,4,2,4,5,5,6,3,4,4,6,6,6,6
10360196,6,4,2,4,4,2,4,5,5,6,3,4,4,6,6,6,6
10360202,4,4,2,4,4,2,4,4,4,2,4,4,4,2,4,1,1
10360205,2,4,4,5,4,2,4,2,4,4,5,2,4,4,2,4,2
10360212,5,5,1,5,5,1,1,4,4,5,5,3,5,1,1,1,1
10360217,3,5,2,5,2,1,5,4,2,4,4,4,4,4,2,4,2
10360225,4,5,2,4,1,1,5,5,2,5,5,4,4,4,4,2,1
10360235,1,4,3,5,3,1,3,5,4,3,4,5,3,4,1,1,1
10360236,5,2,2,5,5,1,5,5,4,5,5,5,2,4,4,2,4
10360266,5,5,4,5,3,1,4,1,1,4,2,2,1,5,3,2,1
10360283,4,4,4,4,4,5,5,4,4,4,2,4,4,6,3,2,2
10360284,4,5,4,4,4,1,5,4,2,4,2,4,4,6,4,1,2
10360285,2,4,2,4,4,1,3,4,3,4,4,5,2,4,4,4,3
10360286,3,5,2,2,4,4,3,5,2,4,4,4,4,2,2,1,2
10360322,3,5,2,4,5,2,4,5,4,4,4,4,3,4,6,2,6
10360366,1,3,3,4,1,3,3,1,1,3,1,1,3,3,1,6,6
10360414,1,2,1,5,5,3,5,5,4,3,3,4,4,1,1,3,1
10360415,3,4,1,5,4,2,3,5,4,3,4,4,5,1,1,1,1
10360458,4,5,3,5,4,1,2,5,4,4,5,4,5,4,3,4,2
10360460,2,5,2,5,4,2,4,4,2,4,4,3,4,2,2,2,2
10360462,6,5,3,5,6,1,1,5,4,5,5,6,6,6,6,6,6
10360464,3,4,4,4,4,3,4,6,6,6,4,3,3,4,4,4,4
10360465,6,4,4,5,4,2,2,4,4,3,4,4,4,2,2,2,4
10360475,1,5,4,5,5,1,4,4,5,5,4,5,4,2,2,5,2
10360518,2,4,2,5,5,2,5,4,4,3,4,4,6,3,6,2,6
10360519,2,6,2,5,6,1,4,4,4,4,2,4,3,3,6,3,2
10360526,3,3,4,4,3,3,4,4,4,4,4,4,5,4,4,4,4
10360527,3,4,2,5,3,3,4,5,5,3,4,4,5,2,6,4,6
10360532,1,5,3,5,5,1,6,4,3,4,3,5,3,3,1,3,1
10360533,6,5,2,5,5,1,1,5,4,5,3,2,1,2,6,2,2
10360536,4,5,2,4,4,4,4,5,5,4,4,4,4,2,1,1,2
10360564,6,4,3,4,4,1,4,4,3,4,3,5,5,2,1,3,2
10360566,3,5,2,5,5,3,2,5,4,4,4,4,3,3,1,6,2
10360574,3,5,6,5,2,3,2,5,2,3,2,5,5,2,2,2,4
10360575,3,5,3,5,5,4,2,5,2,4,4,5,5,3,4,4,4
10360624,4,5,2,5,3,3,4,6,6,6,3,6,2,5,5,5,3
10360626,2,3,4,4,3,2,3,4,4,3,3,4,3,4,4,3,2
10540009,6,5,6,4,4,1,3,1,2,3,2,6,4,5,3,6,1
10540031,6,6,6,4,5,1,4,5,3,6,3,6,3,4,6,6,6
10540046,6,5,4,5,3,1,5,4,2,3,2,2,5,2,2,2,6
10540063,3,5,2,5,5,2,1,5,5,4,5,5,5,1,1,5,1
10540066,1,4,4,4,4,2,4,5,4,4,4,4,3,4,1,1,2
10540067,1,4,4,4,4,2,4,5,4,4,4,4,3,4,1,1,2
10540128,3,4,2,4,4,3,4,5,4,3,5,5,3,2,1,2,1
10540130,3,5,1,5,3,1,4,4,3,4,3,3,5,1,5,3,1
10540131,3,5,5,5,5,1,3,4,5,3,2,1,2,4,3,3,1
10540168,6,4,3,5,1,3,3,4,4,4,5,5,4,4,6,2,1
10540169,4,4,3,5,6,2,6,5,3,3,4,5,4,4,6,3,1
10540178,4,4,1,5,5,4,6,5,5,5,4,5,6,6,6,1,1
10540184,6,4,2,5,5,1,6,5,3,6,3,6,6,6,6,6,6
10540187,3,3,4,5,4,1,4,5,4,3,4,2,3,4,2,3,4
10540188,4,5,3,4,4,2,2,6,6,6,4,4,5,5,4,4,1
10540199,2,4,1,4,4,3,4,5,3,4,3,3,1,4,5,5,4
10540215,2,4,2,5,5,3,5,4,3,3,3,5,3,2,6,2,6
10540216,2,4,2,5,5,3,4,5,3,3,3,5,3,2,6,2,6
10540237,5,5,3,2,4,1,5,5,2,5,5,3,5,3,3,3,1
10540250,4,4,3,4,4,3,3,4,3,3,4,3,4,4,4,3,4
10540252,2,5,1,5,4,2,3,5,4,6,4,4,4,2,6,2,6
10540260,1,5,3,5,5,1,4,6,6,6,1,3,5,4,5,4,3
10540265,2,5,2,4,4,2,3,3,4,5,4,5,2,3,6,2,1
10540266,1,5,4,4,4,3,3,5,2,5,4,3,4,2,4,2,4
10540269,2,2,2,5,4,2,4,5,3,2,3,4,2,4,6,2,6
10540271,2,4,2,5,5,2,3,4,4,3,3,4,2,6,6,3,6
10540297,2,4,2,5,4,3,3,5,3,4,5,4,4,2,2,3,1
10540298,2,6,6,5,4,2,3,6,6,6,5,4,5,3,3,4,2
10540305,3,1,6,6,4,1,4,5,4,4,4,4,3,4,2,4,2
10540306,3,4,2,4,3,2,3,5,2,4,3,3,4,4,2,4,2
10540335,3,4,4,4,4,2,4,4,4,4,4,4,3,4,3,3,3
10540351,6,4,6,5,5,3,4,5,3,3,3,4,4,3,6,6,6
10540354,2,5,4,5,5,2,5,5,2,5,5,5,2,2,6,1,6
10540384,5,6,2,5,5,3,3,5,4,2,1,5,3,5,6,1,6
10540395,2,5,3,3,4,3,4,4,4,5,4,2,2,4,6,1,6
10540396,4,5,3,2,3,1,5,3,3,3,2,5,3,2,2,2,1
10540514,3,4,1,4,1,2,6,4,4,3,4,4,5,5,2,4,2
10540515,1,5,6,5,5,3,4,4,2,5,2,2,3,4,4,6,1
10540516,2,5,4,4,4,2,4,4,3,5,2,3,1,5,2,4,1
10540517,2,5,4,5,5,1,5,5,6,3,5,5,5,2,2,3,6
10540518,1,4,1,5,5,1,5,5,6,3,5,5,5,2,3,3,6
10540531,6,2,3,5,5,1,5,5,3,4,3,4,4,1,1,2,1
10540532,2,3,3,5,5,2,5,5,5,4,3,4,4,1,1,2,1
10540548,3,4,3,5,4,3,3,4,3,4,3,4,4,3,6,4,3
10540559,4,5,3,5,5,2,4,4,3,4,3,4,3,2,2,2,2
10540560,3,5,3,5,2,3,4,4,2,4,3,5,3,6,1,1,1
10540563,4,3,3,3,4,2,4,4,4,2,2,2,2,4,2,3,2
10540606,6,4,6,5,6,1,5,3,3,5,2,5,6,5,6,1,6
10540647,3,5,3,2,4,1,4,5,4,3,3,4,3,3,3,1,3
10540659,3,2,4,5,5,3,4,5,5,4,4,6,5,3,6,1,6
10540660,3,2,4,5,5,3,4,5,5,4,4,6,5,3,6,1,6
10540672,6,4,6,6,4,6,4,5,3,4,4,4,2,2,2,3,6
10540675,6,4,4,5,2,3,5,5,4,4,2,1,3,5,4,4,5
10540689,2,2,3,5,5,1,2,5,3,2,4,3,3,2,1,2,6
10540691,3,5,2,4,4,1,5,5,5,5,4,4,4,2,2,2,1
10540692,2,5,2,4,5,1,2,5,3,4,5,4,4,1,6,2,6
10540774,2,3,2,5,4,3,4,4,4,4,4,4,3,3,2,2,2
10540803,4,3,2,2,3,4,2,3,2,4,3,4,5,4,4,3,1
10540804,4,4,2,2,4,2,3,4,2,3,3,4,4,4,4,4,1
10540806,3,4,2,4,2,3,3,4,3,4,4,3,3,2,3,2,2
10540807,3,4,2,4,4,2,3,5,1,5,5,5,6,5,3,2,6
10541086,1,1,4,4,4,1,5,4,3,4,2,5,1,5,5,3,5
10980037,2,4,1,4,2,1,4,5,4,2,4,5,4,5,5,5,5
10980079,3,5,5,4,5,1,2,5,2,5,3,4,6,4,4,2,1
10980080,3,5,3,5,4,2,4,4,2,5,3,2,6,5,6,4,2
10980111,4,4,3,4,3,2,4,4,4,3,4,4,3,3,3,2,3
10980195,3,4,4,3,4,2,2,5,4,3,4,5,3,2,1,2,2
10980223,3,4,4,3,4,4,4,3,5,4,4,3,3,5,2,2,3
11460027,3,5,1,5,5,1,4,6,6,6,4,6,4,5,5,5,2
11460028,2,5,2,4,5,1,2,5,5,2,4,4,4,4,2,1,1
11460060,2,4,2,4,4,2,2,4,3,4,3,4,1,4,4,1,1
11460070,3,4,3,3,3,2,3,5,5,3,3,3,4,2,3,3,3
11460082,3,4,6,5,4,2,4,4,3,4,3,3,4,3,6,3,3
14050001,4,5,2,3,4,4,3,5,4,3,4,2,3,4,3,2,1
14050047,2,5,4,4,4,2,4,5,2,3,4,4,5,2,1,1,2
14050075,2,6,4,2,4,2,3,5,4,4,4,2,4,3,2,1,2
14050110,3,3,4,5,5,3,3,5,5,3,5,5,5,3,3,1,1
14050133,4,3,2,2,4,3,3,5,5,4,5,4,3,4,4,4,4
14050134,5,5,3,2,5,1,5,5,4,2,2,2,2,5,5,5,5
14050180,4,4,2,4,4,2,4,5,5,3,3,4,3,2,1,2,2
14050182,2,5,3,4,4,1,3,5,3,4,4,4,4,4,4,1,3
14050186,3,5,1,1,5,2,4,5,5,5,5,2,3,4,4,1,1
14050193,2,5,2,3,5,1,5,4,2,5,1,1,5,2,2,2,1
14050194,5,5,5,2,4,1,4,5,4,5,5,5,5,5,2,4,3
14050226,6,6,6,6,6,6,6,6,6,6,6,6,4,6,6,6,4
14050250,3,5,5,4,4,2,4,1,4,4,1,4,4,1,1,1,3
14050278,1,5,4,4,5,4,5,5,5,4,2,5,4,2,2,1,1
19130012,5,5,1,5,5,1,1,5,5,1,1,5,1,5,1,1,1
19130036,3,5,2,4,5,2,4,4,4,4,2,4,3,3,6,4,2
19130062,2,2,1,4,4,2,2,5,5,2,2,2,2,3,6,2,6
19130080,3,4,6,4,4,4,4,5,4,3,5,5,3,3,6,2,6
19130092,3,6,1,3,4,2,4,5,4,4,3,4,3,2,6,2,3
19130147,1,5,2,2,2,2,5,1,2,5,4,4,2,4,2,3,2
19130148,5,5,6,5,6,1,5,5,6,5,5,5,2,3,2,1,2
19130149,4,5,1,5,5,2,4,5,5,4,2,5,5,5,5,1,2
19130179,3,3,3,4,4,2,4,4,3,4,4,4,2,2,1,2,2
19130202,1,5,1,5,5,1,5,5,4,5,3,5,1,6,6,1,6
19130203,4,2,3,3,3,4,4,4,3,4,2,4,2,4,2,2,3
19130205,4,5,2,2,4,4,5,5,3,5,5,6,6,6,1,6,6
19130206,4,5,1,3,2,1,5,5,5,5,5,6,6,6,6,1,6
19130213,4,2,2,4,4,2,4,4,4,3,3,4,4,2,2,2,4
19130238,6,5,3,4,3,1,4,5,3,4,2,3,2,4,1,3,2
19130252,5,5,2,5,4,1,5,6,6,6,4,2,2,5,5,5,5
19130279,3,4,4,4,2,6,4,4,4,4,4,4,4,6,3,2,3
19130291,2,4,2,4,4,2,4,5,4,2,4,4,2,4,3,1,2
19130292,2,4,2,4,4,2,4,5,4,2,4,4,2,4,3,1,2
19130374,5,4,2,2,4,1,3,5,2,5,4,4,3,5,5,2,1
19130486,4,5,4,1,6,1,6,5,2,5,5,1,5,5,4,2,2
19130578,3,4,2,5,4,2,3,5,5,3,2,2,5,2,4,2,2
19130685,3,5,1,5,5,1,5,5,3,5,5,5,4,4,1,1,3
19130766,3,3,3,5,4,6,6,4,4,3,6,6,4,6,6,2,3
19130767,6,6,2,6,4,6,5,5,5,4,5,6,5,6,6,1,6
19130797,2,5,2,5,4,2,3,5,2,2,4,4,2,4,4,2,1
19130798,3,5,6,3,4,4,2,5,5,4,4,4,3,3,6,2,6
19130827,2,6,3,3,4,1,4,5,5,6,5,5,5,6,6,1,6
19130843,4,5,3,3,4,5,3,5,5,3,5,5,5,2,3,2,4
19130855,4,4,3,3,4,4,3,5,4,4,3,3,4,4,2,2,2
19130863,4,5,3,5,4,3,2,4,4,3,3,5,3,4,3,3,6
19130867,1,5,1,4,5,1,2,5,5,4,5,5,2,1,6,2,1
19130871,3,4,4,4,4,2,4,4,2,4,2,2,4,4,2,2,1
19130883,5,5,6,3,4,2,5,5,4,4,4,6,4,4,3,6,6
19130912,6,6,1,3,3,3,5,4,4,2,5,5,6,6,6,6,6
19130933,6,6,3,3,4,1,1,1,3,1,4,3,1,1,4,4,4
19130963,6,5,1,3,5,3,5,5,2,4,5,6,2,6,6,1,6
19131061,6,6,6,5,5,1,6,5,5,1,6,6,6,6,6,6,6
19610035,4,5,5,3,4,1,5,3,2,5,2,4,4,5,5,5,4
19610100,3,4,1,4,4,1,3,5,4,4,4,5,2,4,6,1,6
19610114,3,4,6,4,4,2,4,4,4,4,4,4,4,4,4,2,2
19610182,3,6,1,5,5,1,4,5,4,2,4,4,4,5,1,2,1
19610191,6,3,5,4,6,1,4,6,6,6,1,2,1,5,4,1,4
19610192,6,3,4,4,6,1,2,4,2,3,2,2,1,5,6,3,4
19610203,3,5,5,6,2,1,5,6,5,5,1,3,1,5,4,3,3
19650022,6,4,6,5,4,1,4,5,3,5,2,2,2,5,5,3,2
19650025,2,4,1,5,5,2,3,5,4,4,4,4,3,4,3,1,4
19650026,2,5,1,4,5,1,4,5,4,4,5,5,5,1,2,1,1
19650035,3,5,2,5,5,4,4,4,2,4,4,4,2,4,6,1,6
19650041,4,4,2,3,3,3,4,5,4,2,5,5,5,1,1,2,4
19650059,3,5,1,1,4,3,4,5,5,2,3,5,5,1,1,1,3
19650071,4,5,3,4,4,3,4,4,4,3,3,4,2,4,2,2,4
19650072,4,5,3,4,4,3,4,4,4,3,4,4,2,4,2,2,4
19650138,3,4,2,4,4,2,2,5,4,3,3,4,4,2,2,5,4
19650139,3,4,2,4,4,2,3,4,3,3,2,4,2,4,2,2,3
19650161,2,4,4,6,2,2,4,5,4,5,4,5,1,2,2,2,4
19650217,3,5,3,4,4,2,2,5,4,3,3,6,4,2,6,1,3
19650218,6,5,2,3,2,1,3,1,2,4,4,6,2,2,6,2,4
19650224,3,4,3,4,4,3,4,4,4,4,4,4,3,3,6,2,4
19650242,6,5,4,5,5,1,5,5,2,5,2,5,2,4,2,2,4
19650257,3,2,4,5,5,1,5,3,3,2,2,4,4,4,4,3,4
19650281,3,5,1,1,4,1,5,5,1,5,1,2,1,4,4,3,5
19650327,4,5,2,1,4,1,5,2,4,5,4,4,5,4,4,4,5
19650328,4,5,4,4,5,4,5,4,4,5,3,3,5,4,2,4,4
19650425,2,4,3,5,5,4,3,5,4,4,4,3,4,3,6,6,4
19650447,3,4,4,2,4,4,4,5,4,4,4,4,4,2,4,4,5
19650448,3,4,4,2,4,4,4,5,4,4,4,4,4,2,4,4,5
19650490,2,2,1,5,5,6,4,4,5,2,4,5,2,5,6,1,2
19650491,1,4,1,4,4,1,4,4,4,3,6,6,2,6,6,1,6
19650511,2,4,2,4,4,1,4,4,4,3,4,4,4,4,2,6,4
19650512,2,4,2,4,2,4,4,4,2,4,4,4,4,4,6,6,6
19650575,1,5,1,5,5,1,5,5,2,4,6,6,5,2,1,2,6
19650586,5,3,2,5,5,3,3,3,5,3,3,6,5,1,1,3,3
19650626,3,4,3,1,4,1,4,3,4,4,2,3,1,4,6,4,6
19650631,4,4,2,3,3,2,4,5,5,3,3,4,4,2,1,3,4
19650656,2,5,2,2,4,2,5,5,4,5,5,4,4,4,1,2,4
19650663,2,5,2,5,3,1,2,5,5,4,5,5,2,2,2,2,4
19650699,4,1,1,5,5,6,6,5,4,3,5,6,6,6,6,1,6
19650700,4,1,1,5,5,6,6,5,4,3,5,6,6,6,6,1,6
19730033,3,5,6,5,4,1,4,5,3,5,4,4,2,3,4,3,5
19730034,3,5,6,5,4,1,4,5,3,5,4,4,2,4,4,3,5
19730078,6,4,6,5,5,1,4,5,2,6,2,1,1,5,5,5,5
19730085,1,5,3,5,2,4,3,4,5,3,4,3,3,4,4,2,1
19730092,4,4,6,5,2,1,5,5,5,2,2,5,5,4,2,1,2
19730119,5,2,5,2,5,4,2,5,4,2,4,5,5,2,2,2,5
19730126,5,4,1,5,3,1,3,5,2,5,3,1,2,5,5,5,5
28000144,6,3,4,5,5,2,5,4,4,3,3,2,3,4,2,3,1
28000244,2,3,3,5,5,3,3,5,3,4,5,4,4,4,5,5,5
28000306,5,4,2,5,5,5,3,5,2,4,4,5,2,4,5,5,5
28000341,5,5,4,2,4,2,4,4,2,4,4,2,4,5,3,5,2
28000344,2,5,3,3,5,2,5,2,2,4,3,2,3,4,6,4,4
28000363,5,1,4,1,4,1,4,5,4,1,4,3,4,4,4,4,5
28000366,4,5,2,2,4,2,4,2,2,4,4,6,3,2,1,1,3
28000367,5,6,4,6,6,6,4,6,6,6,6,6,2,3,3,4,2
28000414,5,6,1,4,4,2,5,1,1,6,1,1,3,5,2,5,4
28000449,4,5,3,2,4,4,4,5,3,5,3,4,6,1,1,1,1
28000450,2,5,2,5,4,4,1,5,5,4,5,5,5,2,3,1,2
28000460,4,4,2,3,4,1,5,2,1,5,2,2,1,5,5,2,1
28000532,3,4,2,2,4,1,3,5,2,3,4,2,2,4,5,5,4
28000646,2,4,2,5,5,1,4,4,3,4,4,3,3,4,4,4,2
28000700,4,5,4,2,2,1,5,4,3,4,3,2,2,4,4,2,4
28000701,6,6,6,4,5,2,5,4,3,4,3,2,4,4,4,4,3
28240008,6,3,2,5,4,6,4,5,4,3,2,3,3,4,6,2,2
28240009,6,4,2,4,4,3,3,4,4,4,4,3,4,2,6,2,6
28240046,3,5,1,5,1,1,6,5,5,2,5,5,1,5,6,1,4
28240110,2,5,5,5,3,1,5,3,2,1,5,5,1,5,1,2,1
28240111,2,5,5,5,3,1,5,3,2,1,5,5,1,5,1,2,1
28240134,4,1,2,5,4,1,4,3,3,3,2,1,2,4,4,5,4
28240158,2,5,2,5,2,1,1,5,2,4,4,2,1,5,4,4,4
28240159,2,5,2,5,2,1,1,5,2,4,4,2,1,5,4,4,4
28240179,4,5,4,2,5,3,5,5,2,5,2,2,2,4,5,2,4
28240201,4,4,5,6,6,1,4,4,4,5,2,4,4,2,5,2,4
28240202,4,5,1,1,3,3,4,4,2,4,4,3,4,4,4,1,1
28240264,5,5,1,5,5,1,5,6,6,6,1,6,2,5,6,5,5
28240270,1,5,3,5,4,2,3,5,4,5,4,4,2,4,5,4,5
28240302,4,3,1,5,4,2,4,5,4,1,3,3,1,5,1,3,4
28240303,3,5,2,2,4,4,2,4,4,4,4,4,4,2,3,6,2
28240317,4,5,4,5,4,2,3,5,4,4,2,2,2,4,6,2,4
28240354,2,4,2,2,5,1,5,5,4,4,5,5,4,2,1,1,1
28240376,6,5,4,2,4,3,5,4,4,4,2,4,4,4,2,4,4
28240378,3,3,3,4,4,2,4,4,2,3,2,3,2,4,3,2,3
28240382,1,4,1,4,5,1,5,4,3,4,3,2,4,4,2,3,1
28240476,6,4,6,3,5,3,3,5,4,3,4,3,6,6,6,6,6
28240485,3,3,3,3,3,1,1,5,5,6,3,3,3,5,6,3,3
28240515,1,3,5,5,5,1,5,5,1,1,1,5,1,5,5,5,4
28240517,2,4,1,5,5,3,4,4,3,4,3,4,1,4,4,1,1
28240523,3,5,1,4,4,1,5,4,2,3,4,3,3,4,3,3,2
28240632,2,5,3,2,2,1,4,5,2,5,2,5,2,5,4,5,4
28240692,2,4,2,2,4,2,2,4,4,2,4,2,4,6,6,2,6
28240755,3,3,2,4,4,2,3,4,2,4,4,4,2,3,2,2,3
28240756,2,5,2,2,2,2,4,4,3,4,4,3,3,3,4,2,4
28240762,3,4,1,1,5,5,3,5,4,3,5,6,6,6,6,1,1
28240797,4,5,2,5,5,2,4,4,2,4,3,3,4,4,4,3,2
28240798,4,5,2,5,5,2,4,4,2,4,3,3,4,4,4,3,2
28240830,3,5,3,5,4,5,3,5,4,3,5,6,4,3,6,1,6
28240945,3,6,2,4,4,6,6,4,4,4,6,4,4,3,4,6,4
28240955,5,4,3,5,5,3,2,5,5,3,5,5,5,1,1,1,1
28240965,4,2,1,2,5,1,5,5,5,4,2,1,2,5,5,4,4
28240969,1,5,3,5,5,1,3,5,5,5,5,5,5,2,3,1,4
28240970,3,5,2,2,5,4,4,5,5,2,4,4,4,4,4,6,3
28240993,5,2,3,5,4,2,4,4,4,2,3,2,4,2,1,1,4
28240997,3,4,1,4,4,2,4,3,1,2,1,2,1,4,4,2,4
28241047,2,5,5,5,5,5,3,4,3,5,5,5,5,3,5,5,2
28241048,5,4,4,5,5,1,5,5,3,4,4,3,4,3,4,5,5
28241131,1,4,6,4,4,1,3,4,2,4,4,4,6,2,3,1,4
28241132,2,4,6,2,4,1,3,5,4,4,4,4,2,2,1,1,1
28241228,3,3,3,4,4,2,5,4,4,5,2,3,2,4,4,2,4
28241229,3,3,4,2,4,2,3,4,4,4,2,3,2,4,4,2,5
28241260,2,4,1,5,4,1,3,6,6,6,3,6,2,5,4,5,2
28241261,3,4,3,3,6,3,4,3,2,4,3,4,6,4,4,3,1
28241263,3,6,6,5,5,1,5,6,6,6,3,6,2,5,5,5,4
28420015,6,6,6,3,6,3,3,4,4,3,4,4,4,6,6,3,6
28420050,3,3,4,5,2,2,4,4,1,3,3,3,5,2,3,2,4
28420051,3,2,3,1,2,3,2,4,4,4,4,4,4,5,2,4,4
28420052,1,4,4,2,5,1,3,5,4,3,2,3,1,5,4,2,1
28420056,3,5,2,4,5,3,4,4,3,4,3,4,4,3,3,3,4
28420152,3,4,4,3,4,2,4,4,3,3,4,4,4,4,3,2,2
28420153,2,3,3,2,4,3,4,4,3,4,3,4,4,4,3,2,2
28420168,4,4,4,5,5,1,3,5,4,3,1,2,2,5,4,2,4
28420282,2,4,2,4,4,2,2,5,5,5,4,4,2,2,1,2,2
28420388,4,4,2,4,4,2,4,4,2,4,4,4,2,4,4,4,4
28630053,2,6,3,5,4,1,5,4,3,3,2,2,3,4,6,3,3
28630054,2,6,4,5,4,1,5,4,3,4,1,5,4,4,3,4,2
28630101,6,6,5,2,5,6,5,5,5,5,5,5,1,5,6,6,4
28630155,2,4,4,4,4,2,4,4,4,4,4,2,4,4,1,3,2
28640075,3,4,2,1,4,4,2,5,4,4,4,5,2,4,4,2,4
28640112,4,2,4,5,2,1,5,5,1,3,1,5,2,5,3,4,3
28640121,5,6,6,5,5,1,5,4,4,4,4,5,4,4,3,1,3
28640122,5,6,6,5,5,1,5,4,4,4,4,5,4,4,3,1,3
28640182,6,5,6,6,6,6,6,4,4,4,4,4,4,2,5,2,5
30330009,2,5,2,5,2,1,5,5,2,5,3,1,2,4,2,4,1
30330035,5,6,3,5,2,1,4,4,1,5,2,2,1,5,5,5,4
30330069,4,4,5,5,5,1,3,5,3,5,1,4,1,5,4,4,4
30330149,6,4,3,6,4,2,4,5,2,5,3,3,2,4,4,3,4
30330170,3,5,5,5,2,1,5,5,4,5,3,2,1,5,4,5,1
30330171,3,5,5,1,3,3,5,2,1,5,3,1,1,4,4,4,3
30330172,3,5,5,1,3,2,5,3,1,5,3,2,1,4,4,4,3
30330179,6,5,4,3,3,3,4,5,2,3,3,6,3,4,4,4,4
30330216,3,5,2,2,3,3,3,4,2,3,5,3,3,2,2,3,1
30330237,3,3,1,1,4,1,4,4,3,4,2,4,2,4,4,2,2
30330238,4,3,2,2,4,1,4,4,3,4,3,3,4,4,3,4,3
30330301,3,4,3,3,4,4,2,4,3,4,4,6,2,4,4,3,2
30330302,3,4,3,3,4,4,2,4,3,4,4,6,2,4,4,3,2
30330327,3,5,3,2,4,3,6,5,2,5,2,4,3,4,3,5,2
30330353,4,5,2,5,2,2,5,3,1,5,4,2,5,4,2,4,2
30330355,1,5,4,2,5,2,2,5,3,5,4,2,1,2,6,5,1
30330369,4,6,4,2,3,2,4,4,2,4,3,3,2,3,3,4,2
30330370,4,3,4,4,4,2,4,4,4,4,2,2,2,4,3,2,3
30330373,4,5,5,1,2,1,5,5,2,5,3,5,5,5,3,5,4
30330409,4,4,4,4,4,2,4,6,3,4,2,3,4,4,4,4,2
30330485,6,5,5,4,4,2,4,4,3,5,3,6,2,3,4,3,2
30330486,1,1,4,5,3,1,5,5,1,5,5,5,1,5,1,5,1
30330513,4,5,4,4,2,1,4,4,1,5,1,2,1,5,5,5,1
30330535,5,5,1,3,3,3,4,5,3,4,4,4,2,3,4,3,1
30330536,5,5,1,3,3,3,4,5,3,4,4,4,2,3,4,3,1
30330558,4,4,4,1,4,3,3,4,2,4,2,2,2,4,5,4,2
30330565,4,5,5,2,4,1,5,1,2,3,3,2,1,5,5,5,4
30330569,3,5,3,2,4,2,5,5,2,4,2,3,2,4,4,5,4
30330629,3,4,4,4,4,4,4,5,4,4,3,5,2,4,4,4,3
30330631,4,5,4,6,3,5,4,4,2,5,6,2,4,4,2,2,6
30330632,4,5,4,6,3,5,4,4,2,5,6,2,4,4,2,2,6
30330639,5,5,5,5,6,2,4,5,4,4,3,4,1,5,2,2,1
30330653,2,4,3,3,3,2,3,4,2,3,1,3,2,5,4,4,4
30330674,4,3,1,5,5,3,3,5,4,5,4,4,3,4,3,3,1
30330675,3,3,3,5,5,2,5,6,1,6,2,5,2,5,5,5,5
30330693,2,5,2,1,5,4,3,5,4,5,4,4,1,4,1,3,1
30330717,3,5,1,4,5,3,1,5,3,5,5,6,6,6,6,1,1
30330725,3,3,1,5,5,1,5,5,2,5,5,6,4,3,1,1,1
30330751,3,5,3,4,4,3,4,4,2,4,4,4,3,4,4,4,3
30330770,3,5,5,2,5,2,4,4,2,5,5,3,5,4,4,5,2
30330778,3,4,5,3,4,3,5,3,2,4,3,3,2,5,3,5,4
30330795,3,5,6,5,5,4,2,5,5,3,5,5,5,6,3,1,1
30330798,4,3,4,1,4,1,5,1,1,3,1,1,1,5,4,5,5
30330821,2,4,1,2,4,1,4,1,1,6,1,2,3,4,5,4,2
30330833,4,5,5,1,5,2,4,4,2,5,2,4,2,4,2,4,3
30330851,1,5,4,2,3,1,5,5,2,5,3,3,2,4,3,4,1
30330852,5,4,2,2,4,2,4,4,3,4,3,2,3,4,4,4,1
30330875,6,4,3,5,2,1,5,5,3,4,2,5,3,4,2,5,4
30330879,3,3,6,5,6,3,3,3,3,3,6,6,3,4,4,3,6
30330951,4,4,6,6,4,3,4,4,3,4,4,2,4,5,4,4,1
30330972,4,5,3,1,2,3,4,4,2,4,2,3,2,4,4,5,2
30330986,4,5,5,2,4,1,3,4,2,5,4,2,2,4,4,5,2
30330997,3,3,4,5,4,2,4,3,4,4,3,3,4,4,3,4,4
30331017,4,4,4,4,4,2,4,4,3,4,4,4,5,4,4,5,4
30331035,2,3,4,5,2,2,5,5,3,4,3,2,3,4,3,3,3
30332010,2,3,4,2,3,5,5,5,2,5,4,5,1,5,4,5,1
30860007,2,3,3,4,4,2,4,4,3,4,4,3,2,4,3,3,2
30860015,4,5,3,5,5,3,3,3,3,3,2,3,3,5,5,5,5
30860017,3,3,5,1,3,1,4,4,2,4,2,3,3,4,4,5,1
30860018,3,6,6,5,5,1,3,6,6,6,3,6,1,5,5,5,4
30860031,3,4,2,3,4,4,4,4,2,4,4,4,4,2,2,2,2
30860032,3,4,2,3,4,4,4,4,2,4,4,4,4,2,2,2,2
30860033,6,2,5,4,2,1,5,4,2,4,2,2,2,4,2,5,3
30860061,2,4,3,3,4,4,4,5,4,4,4,6,4,3,6,3,1
30860095,3,5,5,4,4,3,5,4,2,4,4,3,2,3,3,5,1
30860141,3,3,4,4,4,3,4,4,3,3,6,3,6,3,4,4,4
30860142,3,3,4,4,4,3,4,4,3,3,6,3,3,4,4,4,4
30860145,4,2,4,3,4,1,4,4,3,4,3,4,3,4,4,5,2
30860149,3,4,5,5,5,1,5,5,2,5,4,3,2,3,4,5,2
30860155,2,4,3,2,3,3,4,5,3,4,3,3,2,4,4,2,2
30860157,4,6,4,3,4,3,4,4,3,4,3,4,3,4,3,5,4
30860167,3,4,6,4,4,3,4,4,4,4,3,4,3,6,6,3,3
30860168,5,4,4,5,4,2,4,5,4,3,2,4,4,3,2,3,4
30860175,6,5,2,4,4,1,5,5,3,4,4,4,1,3,3,1,1
30860176,6,5,2,4,4,1,5,5,3,4,4,4,1,3,3,1,1
30860181,2,4,4,2,4,5,2,5,3,3,5,5,3,4,3,4,2
30860197,5,5,3,1,5,1,3,4,2,5,4,2,3,5,4,4,4
30860215,6,4,3,4,4,3,3,5,2,4,3,4,2,4,6,3,1
30860216,6,4,4,2,4,3,4,4,2,4,4,4,2,3,4,3,1
30860227,1,5,3,3,5,4,4,4,4,3,3,2,2,4,2,3,1
30860239,6,3,1,1,5,1,4,5,4,3,5,6,6,6,6,2,1
30860240,6,3,1,1,5,1,4,5,4,3,5,6,6,6,6,2,1
30860245,2,5,5,2,4,2,3,4,4,4,4,4,4,5,4,5,1
30860246,2,5,5,2,4,2,3,4,4,4,4,4,4,5,4,5,1
30860249,3,6,4,1,4,2,3,4,2,5,3,3,3,5,4,5,2
30860250,4,5,5,1,4,2,5,4,2,4,2,4,2,4,4,3,2
30860253,6,3,1,5,5,5,4,5,2,3,4,3,4,3,6,2,1
30860254,2,5,5,5,4,1,3,4,4,5,2,5,3,5,3,5,1
30860265,3,5,2,5,4,3,4,5,3,4,4,3,2,4,2,4,2
30860274,4,5,3,2,4,1,4,4,1,5,4,3,2,4,4,5,1
30860310,4,5,4,3,4,4,4,4,3,4,4,3,1,4,5,4,4
30860391,4,3,4,4,4,3,4,4,3,3,4,4,4,4,3,4,1
30860394,1,4,5,4,3,1,3,4,2,4,2,4,3,4,3,4,4
30860430,3,5,4,2,4,2,5,2,3,4,4,3,2,4,2,4,3
30860443,4,4,3,2,5,2,5,4,3,5,4,3,2,4,5,4,4
30860444,4,4,3,2,5,2,5,4,3,5,4,3,2,4,5,4,4
30860449,6,3,1,5,5,4,2,5,4,3,5,3,4,1,1,1,1
30860450,6,3,1,5,5,4,2,5,4,3,5,3,4,1,1,1,1
30860491,4,4,5,1,4,1,5,4,1,5,1,3,1,5,4,5,4
30860495,5,3,5,2,2,2,5,4,2,4,1,2,1,5,4,4,2
30860533,2,4,2,5,5,2,3,4,4,4,4,6,2,6,6,3,6
30860539,2,4,6,4,3,1,5,4,2,3,2,6,1,5,3,3,1
30860540,2,5,6,5,3,1,5,3,3,5,1,5,1,5,5,3,1
30860545,4,5,4,3,4,1,3,4,4,4,2,4,3,5,4,5,3
30860546,1,4,4,2,4,2,4,4,3,4,2,4,1,5,2,5,4
30860595,6,4,4,6,4,3,5,4,2,4,4,2,4,4,4,4,4
30860603,3,2,3,4,3,3,5,6,6,6,4,6,5,4,4,4,2
30860644,4,4,4,3,5,3,4,4,4,4,4,4,2,4,4,2,4
30860650,4,5,5,3,4,4,5,4,2,4,3,3,2,5,3,4,4
30860667,3,3,3,4,3,3,3,4,4,3,3,4,3,4,4,4,4
30860708,2,5,2,1,5,1,3,4,3,5,1,2,1,5,4,4,1
30860711,2,3,3,2,2,2,4,4,3,4,2,2,4,4,2,3,2
30860712,2,3,3,2,2,2,4,4,3,4,2,2,4,4,2,3,2
30860718,3,3,5,4,3,3,4,4,3,3,3,3,5,4,3,4,3
30860723,6,4,3,3,4,3,3,4,3,4,4,3,2,4,3,3,3
30860725,6,6,4,5,5,5,4,6,6,6,5,6,1,5,5,5,4
30860726,4,6,1,5,4,2,4,6,6,6,4,5,4,4,5,5,4
30860737,3,5,4,6,4,2,2,4,1,4,1,1,3,3,4,2,3
30860762,3,3,2,6,4,3,3,5,5,3,3,3,3,6,6,3,1
30860768,3,5,5,3,3,6,3,4,6,4,6,6,6,5,4,4,4
30860803,2,5,3,5,5,1,5,4,4,4,1,2,4,3,2,4,1
30860804,3,4,3,5,5,2,5,4,4,4,4,3,4,3,1,1,1
31320005,3,4,4,3,4,2,3,4,4,3,4,4,2,4,4,4,4
31320060,4,5,5,6,4,3,4,5,2,4,2,2,1,5,4,4,2
31320097,3,5,5,3,5,2,5,3,3,4,2,2,1,5,4,4,5
31320098,4,5,5,3,5,2,5,3,3,4,2,2,1,5,4,4,5
31320316,3,3,1,4,4,3,3,5,4,1,4,3,3,3,6,1,1
31320335,5,3,4,5,5,4,1,5,4,3,5,5,5,1,1,2,5
31320455,6,4,6,4,4,4,3,4,4,6,4,3,3,3,3,6,3
31320591,3,5,4,3,4,5,2,5,4,4,5,4,4,2,2,3,2
31320656,4,3,4,5,3,5,3,4,4,3,3,3,5,4,4,5,4
31320685,6,6,3,4,3,3,5,3,2,4,4,3,1,5,3,4,5
31320733,3,3,6,4,4,3,3,6,6,6,4,3,4,5,4,4,5
31320757,3,4,4,2,4,2,5,4,2,4,3,2,2,4,4,4,4
31320758,2,4,2,3,3,2,4,6,6,6,2,6,2,5,4,4,3
31320760,2,5,5,2,4,2,4,5,2,4,2,3,2,5,2,4,4
31320887,3,5,4,3,4,2,5,5,4,4,5,4,2,4,1,3,3
31320888,6,4,4,6,2,2,3,2,2,3,2,1,2,3,4,4,4
31321173,4,5,4,2,4,2,4,4,2,4,4,5,2,4,4,4,4
31321208,4,4,2,2,4,2,5,5,4,4,3,5,3,5,5,5,1
31321431,3,2,2,1,5,1,5,5,5,4,5,5,1,5,4,1,5
31321463,6,6,4,4,4,2,4,3,2,5,4,3,2,4,6,4,3
31321476,4,3,4,3,4,3,4,2,2,3,4,2,2,4,4,4,4
31321487,4,6,6,4,4,2,4,6,6,6,2,4,2,5,5,4,4
31321488,5,3,3,5,5,1,5,1,1,1,1,3,1,5,5,5,5
31321500,3,4,3,3,3,3,3,3,3,3,3,3,3,5,3,3,3
31321523,4,6,5,4,5,2,6,5,4,3,5,3,2,5,1,4,4
31321589,2,4,3,2,4,2,3,4,2,5,4,2,2,4,1,4,1
31321590,2,4,3,2,4,2,3,4,2,5,4,2,2,4,1,4,1
31321592,4,5,3,4,4,2,4,2,2,5,4,2,3,5,4,4,2
32710154,5,3,5,3,4,1,4,3,4,4,2,3,2,5,5,5,4
32710159,2,4,3,5,5,2,3,3,3,3,3,3,3,3,3,3,3
32710161,6,3,6,5,5,6,5,5,3,3,6,6,6,6,6,2,6
32710183,4,5,3,3,4,4,4,4,3,3,3,3,4,4,4,3,4
39010058,3,6,1,5,5,4,6,6,6,6,4,3,4,4,4,4,4
39010095,3,4,3,2,4,2,4,5,3,3,4,4,2,4,6,4,1
39010096,3,4,3,2,4,2,4,5,3,3,4,4,2,4,6,4,1
39010097,4,5,1,3,4,3,5,4,2,4,3,3,1,5,5,5,5
39010115,3,5,4,3,4,1,4,6,2,2,4,2,4,4,2,4,4
39010116,3,5,4,3,4,1,4,6,2,2,4,2,4,4,2,4,4
39020001,2,1,4,2,2,3,3,4,4,1,2,2,3,5,4,4,5
39020134,5,3,3,5,4,2,5,3,3,3,3,3,4,5,4,5,5
39020173,3,4,4,2,4,2,5,4,3,4,4,5,3,5,3,4,3
39020209,2,5,2,5,3,3,5,5,2,5,5,3,5,4,2,4,4
39020293,3,5,1,4,4,1,3,5,5,4,4,4,2,4,3,3,3
39110096,3,4,4,4,4,2,4,4,2,4,3,3,2,4,3,4,4
39110220,5,6,3,6,5,3,6,5,6,3,3,3,3,5,5,2,5
39110243,3,4,3,1,3,2,4,4,3,4,2,2,2,5,4,4,4
39110257,2,4,3,3,2,2,4,4,4,2,4,4,2,4,4,4,4
39110258,2,4,3,3,2,2,4,4,4,3,4,4,2,4,4,4,4
39110281,5,4,4,2,2,1,5,4,2,5,4,2,4,4,2,5,4
39110409,3,4,4,4,4,2,4,4,3,4,3,3,4,6,3,3,6
39110423,3,5,3,3,5,2,5,5,4,5,5,3,1,5,2,5,3
39110438,4,5,5,1,4,2,3,5,1,5,4,1,5,5,2,5,1
39110449,3,4,3,4,4,2,4,6,2,6,3,3,2,4,4,4,2
39110450,3,4,2,4,4,2,4,4,2,4,3,4,3,3,2,6,4
39110459,5,5,5,5,5,1,5,5,3,3,1,5,1,5,5,5,3
39110471,4,5,5,1,5,1,5,5,2,4,4,2,2,4,3,4,5
39110605,4,3,3,4,4,3,3,4,2,4,3,2,2,5,3,3,4
39110675,3,4,5,3,4,1,5,4,4,4,4,2,2,4,2,4,4
39110781,3,4,3,3,4,3,4,4,3,3,4,3,3,4,6,3,4
39110815,4,5,3,2,5,2,5,5,2,5,4,2,3,5,2,4,4
39110816,4,5,4,4,5,1,5,3,2,5,4,4,1,5,2,5,4
39110969,4,5,4,5,4,2,3,4,2,4,3,3,4,5,4,5,5
39110970,4,5,4,5,4,2,3,4,2,4,3,3,4,5,4,5,5
39110987,2,4,3,4,4,3,4,4,4,4,4,4,2,4,3,4,2
39110995,4,6,4,2,4,2,4,3,2,4,2,1,4,5,4,5,4
39111246,4,3,4,5,5,2,4,3,2,3,4,5,2,4,4,2,5
39111287,4,5,4,5,4,3,5,5,6,5,4,3,2,4,1,4,4
39111355,2,5,3,2,4,1,2,4,4,3,3,2,2,4,2,3,2
39111356,6,4,3,4,2,3,2,4,3,4,3,1,1,5,4,4,4
39111360,1,4,1,5,2,2,5,6,6,6,4,1,2,5,5,4,4
39120013,4,6,6,5,4,3,5,3,2,3,3,4,4,4,3,5,3
39120015,3,5,2,3,4,2,4,4,5,4,3,3,2,4,3,3,3
39120016,2,5,2,5,5,4,6,5,5,3,2,4,2,2,6,6,6
39120150,3,6,6,3,4,6,4,4,3,4,3,6,3,3,4,4,3
39120197,1,5,3,2,4,1,3,5,2,4,4,4,1,4,4,5,5
39120198,5,1,1,1,5,1,3,1,1,1,2,1,3,1,5,5,5
39120245,3,5,1,1,5,1,5,4,2,4,3,4,1,5,5,5,4
39120246,4,4,1,2,4,1,4,4,3,3,3,4,1,5,3,5,4
39120364,4,1,3,5,5,3,3,5,3,3,3,3,2,5,3,4,4
39120372,3,4,3,2,4,2,4,4,4,4,2,4,2,5,4,5,5
39120424,3,5,4,1,4,1,3,5,4,3,4,3,3,4,4,4,4
39120435,3,3,3,4,3,2,3,6,6,6,3,3,3,3,4,3,4
39120436,4,4,4,5,4,3,4,6,6,6,3,3,3,3,4,3,4
39120457,1,5,6,5,5,1,5,5,1,5,1,5,3,5,4,6,4
39120458,3,5,4,4,4,1,4,5,4,5,3,2,1,5,6,4,4
39120497,4,5,4,4,4,2,5,4,2,4,2,4,4,4,4,4,4
39120509,4,2,4,2,4,1,4,4,3,4,4,2,4,5,4,4,4
39120519,2,3,3,3,5,5,1,5,5,2,5,3,3,3,3,3,4
39120559,3,4,4,3,5,5,5,4,3,3,3,3,3,4,4,5,5
39120999,3,5,5,3,4,2,4,5,2,5,2,2,1,5,3,5,5
42270003,3,5,6,5,5,2,5,5,4,5,5,2,5,5,5,3,4
42270004,3,5,6,5,5,2,5,5,4,5,5,2,5,5,4,3,4
42270007,4,6,5,3,6,3,4,5,4,5,4,5,1,5,5,3,5
42270059,3,4,6,3,3,2,4,5,3,3,3,3,2,2,6,3,3
42270121,6,6,2,2,2,2,4,2,2,2,2,2,4,4,2,4,2
42270136,3,4,3,2,4,4,3,5,5,5,3,4,3,6,3,2,3
42270163,1,5,2,1,4,2,4,4,2,2,2,2,2,3,4,2,3
42270192,4,5,4,4,3,2,5,5,5,5,3,3,3,4,5,4,3
42270209,6,5,1,4,4,1,3,5,5,2,2,2,2,5,2,1,1
42270214,3,6,3,3,4,1,4,4,2,4,4,2,3,4,4,4,1
42270228,3,4,4,4,4,3,3,4,4,4,3,4,3,3,3,4,4
42270251,3,6,5,4,4,6,5,6,6,6,6,6,4,4,4,5,5
42270264,3,5,4,4,3,4,4,4,3,4,4,4,4,2,2,2,3
42270323,6,4,4,4,4,2,4,3,2,3,2,2,2,3,2,5,2
42270350,3,5,4,3,4,4,2,5,4,4,4,2,2,5,2,4,3
42270540,6,6,2,5,4,2,4,4,4,4,3,3,2,2,6,2,6
42270610,3,5,4,5,4,5,4,5,4,4,5,3,2,5,2,4,2
42270623,1,5,2,5,5,4,6,4,4,3,5,6,5,4,2,6,5
42270631,6,6,6,3,4,2,6,2,3,5,2,2,2,5,4,4,3
42270632,6,6,6,3,4,2,6,2,3,5,2,2,2,5,4,4,3
42270747,5,5,3,4,3,2,6,4,3,3,2,4,3,4,5,1,2
42270851,4,5,4,2,4,2,4,5,4,5,2,4,3,2,4,5,4
42270878,4,4,4,3,3,3,4,5,4,4,4,4,3,3,2,5,3
42270907,2,4,1,1,1,2,2,5,3,3,5,3,2,4,6,2,6
42270908,6,3,6,3,4,4,3,5,5,2,5,3,3,3,6,3,6
42270911,1,5,4,5,4,3,3,5,4,5,4,4,2,4,3,4,1
42270912,4,5,3,2,4,3,3,5,4,5,4,4,2,4,5,4,1
42270974,4,5,2,2,4,1,4,5,4,3,2,2,4,5,5,2,4
42270995,4,5,4,2,4,1,5,5,3,5,3,3,2,4,4,5,4
42270996,4,5,2,2,4,3,3,3,2,5,4,3,5,4,4,3,4
42271015,4,4,5,3,1,3,5,5,2,3,3,5,5,3,5,5,5
42271065,2,4,4,3,4,3,4,4,4,3,4,4,3,2,2,2,3
42271066,2,4,4,3,4,3,4,4,4,3,4,4,3,2,2,2,3
42271067,5,6,1,3,5,4,6,5,5,6,3,6,1,5,1,1,1
42271092,6,5,4,4,4,2,3,5,4,5,5,4,4,3,4,5,1
42271140,5,4,4,4,4,6,3,5,2,6,6,4,6,5,5,5,5
42271144,4,6,6,3,3,3,3,6,6,6,3,6,1,4,4,5,4
42271145,4,3,4,4,4,3,4,3,3,3,4,3,3,5,3,4,3
42271162,5,5,3,5,5,3,4,4,3,4,1,2,2,5,5,5,5
42271192,3,5,4,4,5,3,4,5,4,5,2,4,2,5,4,2,3
42271243,3,5,4,4,4,3,3,3,3,5,4,4,3,3,4,4,3
42271271,3,4,4,4,4,3,4,4,3,4,4,5,5,1,1,3,3
42271272,3,3,4,4,2,2,4,3,3,2,3,3,3,4,4,4,4
42271337,4,4,4,6,4,3,4,4,3,4,3,6,3,5,4,3,3
42271394,5,5,1,5,5,1,1,5,5,5,5,5,6,6,6,6,6
42271395,2,4,4,4,2,2,4,4,2,5,5,4,2,5,5,4,3
42271422,4,4,1,5,5,5,4,5,4,3,5,5,3,1,1,2,3
42271423,6,4,4,3,4,1,4,4,2,4,3,2,4,4,3,4,3
42271424,6,4,4,3,4,1,4,4,2,3,3,2,4,4,3,4,3
42280033,3,5,4,4,4,2,5,5,4,4,2,2,2,5,4,4,4
42280034,3,5,4,4,4,2,5,5,4,4,2,2,2,5,4,4,4
42280110,3,4,1,3,5,1,5,6,2,4,3,1,1,5,3,5,1
42280200,2,4,2,4,4,3,2,4,2,4,2,4,4,2,6,4,4
42280217,6,4,4,3,3,4,4,6,6,4,4,4,2,2,6,3,4
42280258,5,5,4,4,4,1,5,4,2,5,4,3,1,5,5,4,2
42280430,1,5,5,5,1,1,2,5,4,5,5,4,4,5,5,5,4
42280523,6,1,1,5,5,2,6,4,4,2,1,5,2,3,4,2,4
42280539,4,4,3,3,4,3,4,5,2,4,2,4,3,4,4,4,1
42280540,3,5,2,3,4,2,4,6,3,4,2,4,3,4,5,4,6
42280588,1,5,1,1,1,1,5,5,1,5,1,1,1,5,5,5,5
42280650,4,5,5,2,3,2,4,3,1,5,2,3,2,4,4,4,2
42280695,4,5,3,3,4,1,5,6,1,5,2,1,3,4,4,5,4
42330479,3,4,3,3,4,2,4,4,3,3,3,4,3,4,3,3,4
42340021,3,2,3,1,5,3,4,5,3,3,4,4,2,6,6,6,4
42340104,3,3,5,3,4,2,4,3,3,4,2,2,3,5,3,4,3
42340125,3,5,4,4,4,1,4,3,3,3,6,6,3,3,3,6,4
42340126,3,5,4,4,4,1,4,3,3,3,6,6,3,3,3,6,4
42340129,4,4,2,5,4,2,3,4,3,2,4,4,2,4,2,2,2
42340221,3,4,1,5,5,3,4,5,4,3,2,3,3,4,3,3,5
42340223,4,5,4,5,5,3,5,5,3,5,4,4,3,2,1,4,5
42340325,3,5,3,5,2,5,4,5,5,5,5,3,1,4,2,4,4
42340373,6,6,6,4,4,6,6,6,6,6,6,6,6,6,6,6,6
42340423,4,5,4,2,4,1,5,4,4,4,3,4,3,4,4,5,4
44630015,5,5,2,2,5,2,4,4,3,4,3,4,2,5,4,5,4
44630037,3,5,3,4,4,3,2,5,4,4,5,4,2,3,3,4,2
44630038,4,5,2,2,4,2,4,5,4,5,5,4,2,3,2,3,3
44630160,4,4,4,3,4,1,5,5,4,5,2,4,1,5,4,4,3
44630231,4,4,6,5,4,2,4,6,6,6,4,3,2,5,5,5,4
44630249,1,5,5,5,4,1,5,4,2,5,5,5,5,4,3,5,1
44630329,4,4,3,4,4,5,4,5,4,3,4,3,3,4,6,2,1
44630344,4,5,3,5,2,2,6,5,3,3,3,2,2,4,2,4,3
44630393,3,4,3,2,4,2,4,5,4,4,4,4,2,2,2,3,3
44630394,3,4,3,2,4,2,4,5,4,4,4,4,2,2,2,3,3
44630465,1,5,1,5,5,1,2,5,5,5,5,5,1,5,1,5,2
44630507,6,4,3,4,4,3,4,4,2,4,4,2,4,1,6,4,1
44630513,6,4,4,3,4,3,3,4,4,3,4,4,2,6,3,6,6
44630670,3,2,4,4,5,5,1,5,5,5,5,5,1,6,6,6,6
44630671,3,2,4,4,5,5,1,5,5,5,5,5,1,6,6,6,6
44640015,4,3,4,5,4,3,2,5,4,2,4,4,4,5,5,4,3
44640016,3,6,2,5,4,3,2,5,5,3,3,2,2,5,5,3,1
44640053,4,2,4,2,5,2,2,5,4,2,4,4,2,4,2,4,6
44640054,1,5,1,5,1,1,2,1,4,2,5,2,2,4,1,4,6
44640073,3,4,5,1,3,1,3,3,2,5,3,3,1,5,3,3,3
44640117,3,5,3,1,5,1,3,5,4,5,3,3,2,5,3,4,3
44640148,3,3,4,3,4,3,4,5,3,5,4,2,2,4,4,3,4
44640165,4,5,4,5,5,3,4,5,2,5,4,4,3,4,4,5,5
44640256,4,5,4,5,4,1,4,5,3,4,2,5,4,5,5,5,1
44640299,3,4,6,3,4,3,4,5,2,4,3,3,1,2,3,2,1
44640310,3,6,1,5,5,1,5,5,2,5,2,2,2,5,2,5,5
44640315,2,4,3,2,5,4,4,5,2,5,5,4,1,2,6,4,3
44640316,2,4,4,4,3,4,3,6,4,4,4,4,2,4,4,2,4
44640349,4,6,3,4,5,1,3,6,1,6,5,5,1,5,5,5,4
44640350,3,4,2,4,4,2,4,4,2,6,3,3,1,5,4,5,4
44640437,4,6,5,2,5,1,5,6,1,5,2,4,2,5,5,5,5
44640446,4,4,3,1,4,2,5,5,2,3,3,3,1,5,1,5,3
44640456,5,6,6,6,5,2,5,1,1,6,4,4,2,5,5,4,2
44640461,2,5,4,2,5,1,4,5,4,3,5,2,1,4,6,3,6
44640462,4,3,3,5,5,2,3,3,3,3,4,2,1,5,4,5,3
44640508,3,5,3,4,4,2,3,5,4,5,3,5,4,4,2,3,1
44640515,6,5,4,2,3,2,4,4,2,4,3,3,4,3,3,4,3
44640516,2,5,5,2,5,3,1,5,4,3,5,3,1,5,4,4,4
44640542,4,2,4,5,4,3,3,1,1,3,2,3,3,2,3,4,3
44640637,1,3,6,5,5,4,5,5,5,3,5,6,4,4,6,2,1
44640655,4,3,3,2,5,3,4,4,3,4,2,5,1,4,5,3,1
44670012,4,5,4,3,4,2,2,5,4,5,4,4,2,6,6,2,6
44670067,4,4,5,6,4,2,5,4,2,4,2,5,2,5,4,5,3
44670080,5,4,4,1,4,1,5,2,2,5,5,2,2,5,5,5,5
44670195,4,5,4,4,4,4,5,4,4,5,4,4,4,4,2,3,4
44670196,4,5,4,4,4,4,5,4,4,5,5,4,4,4,2,3,4
44670197,1,5,1,4,2,2,5,5,4,4,4,4,2,4,4,5,1
44670208,4,3,3,2,4,2,4,3,3,3,3,4,2,5,4,5,5
44670291,2,4,1,2,5,2,4,5,4,3,3,3,2,4,6,4,6
44670292,2,5,2,4,3,2,4,4,3,4,4,4,4,4,2,3,2
44670377,5,5,5,1,5,2,2,5,2,5,1,5,3,4,5,5,5
44670378,4,5,4,2,4,5,4,5,2,3,4,4,3,4,5,4,4
44670437,2,4,4,4,4,3,4,4,3,4,4,4,2,4,3,4,3
44670441,2,5,4,4,4,2,5,5,2,4,2,4,2,5,5,5,4
44670522,2,4,6,3,4,3,3,4,3,3,3,2,3,3,2,2,4
44690019,6,4,4,5,5,2,5,4,4,4,2,2,2,5,4,4,4
44690034,5,4,6,5,5,4,6,6,6,6,6,6,2,5,5,5,5
44690050,3,3,3,4,4,5,4,5,5,3,4,4,4,2,1,1,4
44690111,3,5,4,3,3,2,2,3,4,3,4,4,3,4,2,3,2
44690159,5,5,4,4,4,2,5,5,4,4,4,3,2,4,3,3,3
44690160,4,5,5,4,4,2,4,5,3,4,2,4,2,4,4,4,3
44690187,2,3,2,3,5,4,3,5,4,2,4,4,4,2,1,1,3
44690188,1,4,1,2,5,1,3,5,2,4,3,4,4,2,3,2,1
44690303,5,3,5,6,5,2,4,4,3,4,5,5,2,4,4,4,4
44690327,3,5,3,2,5,3,4,5,4,4,3,2,3,4,3,5,1
44690328,3,5,4,6,5,4,4,4,4,4,4,5,4,3,3,4,4
44692020,1,5,1,3,5,6,3,5,3,4,4,4,3,6,6,6,6
47120013,6,6,6,5,3,1,5,5,3,5,5,1,1,3,6,4,4
47120030,4,3,1,5,5,6,3,5,5,3,6,5,6,5,6,2,6
47120261,3,6,1,2,4,1,6,6,6,6,4,6,3,4,5,5,4
47120308,1,5,4,5,1,2,4,5,1,5,4,5,5,3,3,4,3
47120321,4,3,5,1,4,1,5,4,2,4,1,3,1,5,5,5,4
47120322,4,4,2,5,4,1,4,5,2,4,4,4,2,4,1,4,1
47120343,5,5,4,5,5,4,4,5,2,2,3,3,3,3,3,2,3
47120376,5,5,3,2,4,2,3,4,4,4,2,2,4,4,5,4,2
47120432,2,6,4,3,4,2,1,6,2,6,1,1,1,5,5,5,4
47120437,3,3,4,5,4,3,3,1,3,3,3,4,3,5,4,5,4
47120489,2,4,3,2,4,2,3,5,4,4,4,3,3,2,2,2,3
47120490,1,5,3,2,4,4,4,2,3,5,4,3,4,2,1,3,1
47120549,2,4,4,4,3,1,4,4,2,4,3,4,2,4,4,5,3
47120587,4,5,4,4,4,2,4,4,2,4,2,4,2,4,4,3,4
47120603,3,4,3,5,5,4,4,5,3,4,3,4,3,3,1,3,2
47120604,3,4,3,5,5,4,4,5,3,4,3,4,3,3,1,3,2
47120623,4,5,4,6,4,2,5,4,4,5,3,4,2,4,4,4,3
47120643,3,3,3,4,4,2,5,4,3,4,3,2,2,4,2,2,4
47120644,3,5,3,3,4,3,5,4,3,4,2,3,3,3,2,3,4
47120665,6,3,3,4,4,3,3,4,3,3,3,3,3,3,3,3,3
47120762,6,4,6,5,4,2,6,6,3,6,4,2,3,1,1,2,1
47120763,6,1,1,3,4,2,4,5,3,5,4,2,3,4,1,4,1
47120768,6,5,4,3,3,3,4,5,4,4,5,4,3,6,6,1,1
47120775,2,5,3,4,4,1,4,5,4,4,3,5,3,3,1,3,1
47120849,5,3,3,5,4,2,4,3,2,4,4,3,2,4,3,3,1
47120871,4,5,5,2,3,1,5,5,2,4,4,4,4,4,5,4,4
47120872,4,5,5,2,3,1,5,5,2,4,4,4,4,4,5,4,4
47120923,4,5,4,4,5,3,4,2,2,4,5,3,2,5,2,5,2
47120924,4,5,4,4,5,3,4,2,2,4,5,3,2,5,2,5,2
47120931,2,4,3,4,4,2,4,4,2,3,2,2,3,4,2,3,4
47120932,2,4,3,4,4,2,4,4,2,3,2,2,3,4,2,3,4
47120939,3,5,1,1,5,3,2,5,3,5,3,4,1,5,5,2,4
47121036,6,6,6,6,5,2,5,4,2,4,2,4,2,4,2,2,4
47121039,3,1,5,4,4,2,4,6,6,6,3,4,5,4,2,5,5
47121116,3,5,4,4,4,3,3,3,3,3,2,2,3,3,3,4,4
47122013,6,4,3,6,5,3,6,5,3,4,2,1,6,4,6,3,4
47130034,2,6,1,2,4,2,6,6,1,6,4,1,1,5,5,5,4
47130065,4,5,5,2,4,2,4,4,2,4,2,4,2,4,3,3,4
47130066,2,2,3,4,5,3,4,5,3,4,4,3,2,5,5,5,5
47130281,3,5,3,4,5,3,4,4,3,3,4,3,3,4,6,3,6
47130286,6,3,2,4,4,6,6,4,3,2,4,6,2,4,6,3,3
47130332,4,5,4,6,6,3,6,5,5,6,6,5,3,4,3,4,5
47130345,1,5,2,4,4,2,4,4,2,5,5,4,1,4,4,3,3
47130387,5,5,1,5,5,2,5,5,4,4,4,1,4,5,2,2,2
47130407,3,4,4,4,4,2,3,4,4,3,4,3,2,4,4,4,4
47130442,3,1,1,2,5,3,4,5,4,1,1,4,2,5,6,5,6
47130471,1,5,2,2,5,5,2,5,1,2,5,6,4,2,6,5,1
47130533,3,5,6,4,4,3,3,5,4,3,5,4,4,6,6,3,6
47130611,6,3,4,4,4,1,5,4,4,3,1,4,2,4,2,2,4
47130685,3,3,3,3,3,4,4,4,4,3,5,5,4,3,6,6,3
47130729,4,6,6,2,5,3,5,4,6,6,3,3,3,4,4,4,5
47130823,6,3,4,6,4,2,4,5,4,4,4,4,6,4,6,2,6
50260039,4,3,3,4,4,1,4,6,3,6,2,2,4,4,5,4,5
50260077,3,2,4,4,4,3,3,3,3,4,3,2,4,4,3,2,4
50260087,5,5,5,6,5,1,5,4,1,5,1,1,1,5,5,5,4
50260131,5,5,5,4,5,3,3,6,6,6,6,6,3,5,5,1,5
50260144,2,5,1,2,5,1,2,5,3,4,5,5,1,4,6,2,6
50260165,2,3,5,5,3,2,3,3,3,4,5,3,2,5,5,4,4
50260166,4,3,3,5,5,1,3,3,3,3,3,1,3,4,2,4,1
50260181,4,6,6,1,5,2,5,6,6,6,3,1,1,5,5,5,5
50260183,3,6,3,1,5,1,5,4,1,3,1,1,1,5,5,2,4
50260275,6,4,3,4,4,2,3,2,2,4,4,4,2,4,2,3,4
50260276,6,4,4,3,5,4,4,5,3,5,4,2,1,2,1,4,1
50270016,6,6,4,3,4,4,4,4,2,2,4,6,3,4,6,3,4
50270029,3,3,3,5,5,5,5,3,3,3,3,2,3,5,2,3,3
50270030,2,3,3,5,5,2,5,5,3,3,3,5,2,5,5,5,5
50270088,5,4,4,4,4,6,4,6,2,4,6,4,4,5,4,3,4
50270151,4,5,4,1,5,1,5,3,1,5,3,2,2,5,3,3,5
50270163,2,6,6,6,4,5,2,4,4,3,2,3,2,4,4,4,1
50270166,2,5,3,5,5,2,3,1,2,4,4,6,3,3,6,1,6
50270194,4,5,5,1,4,3,2,5,5,5,4,5,1,5,5,2,1
50270271,6,5,4,3,4,2,3,4,3,4,4,2,2,3,1,3,3
50270287,3,4,4,2,2,1,5,4,3,4,3,4,1,5,4,4,5
50270288,4,5,3,5,5,1,3,5,3,4,5,4,1,5,4,5,5
50270317,3,4,2,2,4,3,2,5,5,4,5,4,2,3,6,3,6
50270318,3,4,2,2,4,3,2,5,5,4,5,4,2,3,6,3,6
50270408,3,4,6,6,3,3,3,4,4,3,4,3,2,3,3,6,4
50270415,4,5,4,2,3,2,2,4,3,4,4,4,2,4,6,5,4
50270426,5,5,4,4,4,2,1,5,3,3,4,6,2,3,6,2,3
50270435,4,5,2,1,4,1,4,4,2,3,3,4,2,5,5,4,3
50270436,4,5,2,1,4,1,4,4,2,3,3,4,2,4,5,4,3
50270439,3,4,2,2,4,3,3,5,4,3,3,3,2,4,1,4,1
50270475,1,1,5,2,2,1,5,3,1,5,4,1,3,3,2,4,2
50270477,4,6,2,2,5,1,5,6,6,6,2,2,2,5,5,5,1
50270478,4,4,3,2,4,2,6,6,2,4,3,3,3,4,4,4,4
50270501,1,3,2,2,4,2,4,5,4,4,4,4,2,2,1,2,1
50270502,4,6,6,5,5,2,4,4,3,5,2,4,2,5,4,4,4
50270516,3,3,4,5,3,2,4,5,4,4,4,5,4,5,5,5,3
50270533,1,5,2,5,4,3,4,5,2,4,4,4,2,2,1,3,4
50270601,6,5,2,3,5,1,4,5,4,4,5,5,3,4,3,6,1
50270611,4,3,2,3,5,4,3,5,3,3,3,5,1,6,6,6,1
50270631,6,6,5,6,5,2,5,4,2,4,4,2,2,4,4,5,5
50270638,5,5,6,5,3,3,6,5,3,3,4,5,2,5,4,2,4
50270639,4,5,3,1,5,3,6,5,4,4,4,2,2,5,5,3,5
50270667,4,5,4,5,5,2,4,5,4,4,4,3,2,4,4,4,1
50270668,4,5,4,5,5,2,4,5,4,4,4,3,2,4,4,4,1
50270775,6,6,6,5,5,6,6,5,5,4,6,6,6,6,6,6,6
50270844,6,5,4,3,4,3,6,4,2,4,3,4,3,6,6,6,6
50760031,1,5,4,4,4,5,4,4,3,5,5,4,2,4,4,2,4
50760043,3,4,4,2,4,3,3,5,2,4,2,4,4,4,4,3,4
50760054,4,4,3,4,4,2,4,1,2,2,4,4,2,2,1,3,4
50760085,2,6,1,2,5,3,4,5,4,5,4,2,2,4,4,2,4
50760086,1,5,1,4,4,5,2,5,4,4,5,4,2,3,6,2,1
50760116,2,4,4,5,5,4,5,5,5,5,4,5,5,3,1,3,4
50760131,2,1,3,5,5,1,3,5,3,4,2,4,4,2,4,4,6
50760132,3,1,3,4,5,3,2,3,2,4,3,5,3,3,2,4,1
50760137,6,5,3,5,5,3,4,5,2,4,3,6,3,6,6,3,6
50760209,3,5,3,3,5,1,3,5,4,4,4,3,1,4,3,4,4
50760210,3,5,3,3,5,1,3,5,4,4,4,3,1,4,3,4,4
50760217,2,4,1,5,4,3,4,5,3,4,5,5,3,4,4,4,3
50760247,3,3,3,4,4,3,3,4,3,4,4,6,4,3,6,2,6
50760299,5,5,5,5,4,1,4,5,2,3,1,1,5,5,1,5,1
50760334,6,6,6,6,5,3,5,5,3,3,5,6,2,3,1,1,6
50760337,2,5,3,5,5,2,4,5,2,4,4,6,3,6,6,3,6
50760357,3,5,3,4,4,1,3,4,4,5,3,4,1,3,2,4,2
50760358,3,4,3,4,3,1,3,6,3,6,4,1,3,2,5,4,1
50760394,4,3,3,3,4,3,4,4,4,4,3,3,3,3,4,4,4
50760421,3,3,3,4,4,3,6,6,6,6,6,6,6,4,5,5,4
50760429,2,5,4,4,4,1,3,5,4,4,2,1,1,5,3,4,3
50760447,4,6,5,2,4,2,4,6,1,6,4,4,3,4,4,6,1
50760453,3,4,5,5,3,2,5,4,1,4,2,4,2,4,4,5,4
50760483,3,5,4,4,4,3,4,4,5,5,1,3,2,4,1,5,5
50760485,4,4,4,2,4,2,4,4,3,4,4,2,2,4,4,2,5
50780009,3,4,6,2,2,2,4,4,2,4,4,4,2,4,4,5,4
50780010,3,4,3,4,4,3,3,4,5,4,3,3,3,4,4,4,5
50780013,3,4,3,4,3,3,3,4,4,3,5,5,3,4,5,3,5
50780055,6,3,6,5,4,3,3,5,4,4,3,3,3,3,6,3,6
50780056,6,3,2,3,4,4,3,4,3,3,4,4,3,3,3,3,6
50780087,4,6,6,3,4,3,4,3,2,5,3,4,3,4,4,4,4
50780088,3,5,4,2,3,3,5,4,2,4,3,2,2,5,4,5,4
50780314,6,4,3,5,4,3,3,5,2,3,4,6,4,3,6,6,6
50780403,4,5,3,2,4,1,4,3,2,4,5,5,2,4,4,4,4
50780404,2,4,3,2,4,3,4,5,4,3,5,6,4,3,2,3,4
50780405,5,5,4,2,4,1,4,3,3,3,2,3,4,3,4,5,4
52720041,3,4,3,3,4,2,4,5,4,2,4,3,2,3,2,3,4
52720109,3,4,4,4,3,2,4,4,3,5,4,5,4,5,2,4,4
52720141,2,5,4,4,3,4,4,5,4,5,5,4,4,5,5,3,5
52720183,3,4,1,3,4,3,4,5,3,3,3,3,3,3,1,3,2
52720229,2,1,3,4,5,2,4,5,2,5,3,4,2,3,2,2,1
52720287,4,5,4,3,4,3,4,3,2,4,3,2,2,4,4,4,4
52720371,2,5,3,5,3,4,4,5,3,5,5,2,4,3,6,3,4
52720431,4,5,4,2,4,3,2,5,3,3,5,4,2,4,2,4,2
52720432,4,4,3,4,5,1,5,5,3,5,5,4,2,4,3,4,4
52720511,3,4,3,5,5,3,4,4,4,3,4,4,3,6,6,4,3
52720539,3,5,5,4,4,2,5,5,4,3,5,4,5,3,3,4,3
52720540,5,4,3,4,3,4,4,4,3,4,3,4,4,2,3,6,3
52720549,3,4,6,4,4,6,6,4,3,4,4,6,2,4,3,6,4
52720563,2,5,3,2,2,3,4,5,4,4,2,4,4,2,2,3,4
52720571,3,4,3,2,4,2,4,4,3,2,3,3,4,4,1,4,2
52720593,1,5,5,5,4,3,2,5,3,3,4,5,5,1,6,3,6
52720639,2,4,4,2,4,2,4,4,2,4,2,3,1,5,5,5,4
52720643,3,5,1,5,5,2,4,4,2,5,4,3,1,5,5,5,5
52720644,5,5,5,2,2,2,4,3,1,5,2,4,2,5,4,4,4
52720665,4,4,4,5,2,1,4,5,2,4,2,5,4,5,5,5,4
52730004,4,4,4,3,4,6,3,6,6,6,4,4,4,4,3,4,4
52730081,2,5,3,5,5,4,6,5,3,3,4,3,2,6,6,2,2
52730183,1,4,2,5,4,1,3,5,3,4,4,5,3,4,3,4,4
52730184,2,4,4,5,4,3,2,5,5,4,5,3,3,4,2,4,4
53060149,4,2,2,4,3,3,3,6,6,6,4,4,3,4,4,4,3
53060150,4,4,4,3,2,2,3,4,2,4,3,2,2,4,2,4,2
53060177,3,3,3,4,4,3,2,4,2,3,5,5,4,3,6,3,2
53060213,3,2,4,5,5,1,3,5,4,3,5,3,5,1,3,4,6
53060305,5,3,4,4,4,2,3,4,3,3,2,3,2,4,4,4,4
53060380,6,6,6,6,4,3,3,6,6,6,3,6,3,5,5,4,6
53060385,3,4,3,5,5,4,6,5,4,5,5,6,6,6,6,2,6
53060419,2,3,2,4,5,2,1,5,4,3,4,4,2,6,6,1,2
53060420,4,4,2,3,3,1,3,6,1,5,2,5,2,5,5,4,4
53060657,6,4,3,4,4,1,5,5,4,5,1,4,3,5,5,5,1
53060658,3,5,2,2,5,2,4,5,3,4,5,4,3,4,4,3,5
53060715,2,5,5,1,4,2,5,3,2,5,3,2,4,3,1,4,3
53060716,2,4,2,5,4,1,4,1,1,5,2,4,2,4,4,5,3
53060722,3,5,4,2,2,2,4,2,2,5,3,2,3,4,4,4,4
54200016,4,5,3,2,5,1,4,5,2,4,4,4,2,4,5,5,3
54200057,4,1,4,2,3,1,5,5,3,5,1,2,4,5,5,4,2
54200058,4,5,2,2,5,2,4,5,4,4,4,5,3,4,4,3,1
54200069,6,3,3,1,4,5,5,5,3,3,5,2,1,5,4,4,1
54200070,3,5,3,2,5,4,4,5,3,5,5,4,5,2,2,4,1
54200085,4,5,4,2,4,2,4,5,2,4,3,6,2,4,4,3,4
54200161,5,3,5,5,1,2,5,5,3,4,1,1,4,5,5,5,2
54200162,2,5,5,1,1,1,1,5,1,5,3,4,1,5,2,4,1
54200167,4,5,3,2,4,1,5,4,2,5,5,4,4,4,2,4,1
54200168,3,5,4,2,4,2,4,2,1,5,3,4,3,5,5,4,2
54200183,3,4,3,5,4,3,3,4,2,3,3,3,2,4,4,5,4
54200227,2,5,4,2,3,3,4,2,4,4,3,2,4,4,4,4,4
54200233,3,5,6,5,5,1,3,5,3,3,3,5,3,4,5,5,4
54200301,3,5,4,2,5,1,3,2,2,3,3,4,6,1,1,1,1
54200302,5,4,3,6,5,1,5,5,5,1,1,1,1,5,2,2,1
54200327,4,4,4,4,4,3,3,5,4,4,2,4,4,3,2,2,6
54200335,4,6,5,4,4,4,4,2,1,5,3,2,2,5,5,5,5
54200336,4,6,5,4,4,4,4,2,1,5,3,2,2,5,5,5,5
54200341,4,5,5,6,3,3,5,4,2,4,3,3,3,4,4,5,3
54200342,4,5,4,6,4,3,4,4,2,4,3,4,4,4,4,4,2
54200407,3,5,4,4,4,2,4,5,4,5,4,4,1,5,4,5,3
54200408,2,1,3,4,4,4,4,3,2,4,3,3,2,2,3,5,1
54200478,2,3,4,2,4,1,3,4,2,1,4,3,2,1,3,1,1
54200489,6,4,3,3,4,2,4,4,2,3,4,2,2,3,2,3,2
54200490,3,4,3,4,4,3,4,4,3,3,4,4,3,2,2,4,4
54200563,3,4,3,4,4,3,4,4,5,4,4,4,4,3,3,3,2
54200612,4,4,5,4,4,2,2,4,4,4,2,3,3,4,2,4,2
54200622,5,6,4,5,5,3,5,4,2,5,3,5,4,4,4,5,4
54200661,3,4,4,4,4,3,5,5,4,4,5,3,1,5,5,5,4
54200662,3,4,2,2,4,2,5,5,4,1,4,4,3,4,2,2,5
54200675,4,5,3,3,4,2,4,3,2,4,3,3,2,5,4,3,5
54200685,2,4,2,2,5,4,3,4,4,4,4,6,2,3,1,1,1
54200749,4,4,5,2,4,3,3,5,3,4,3,6,2,5,4,5,4
54200781,2,5,3,4,4,5,2,3,2,4,3,4,4,5,4,4,1
54200782,4,4,2,4,2,4,5,4,3,4,3,4,5,4,4,4,2
54200875,6,4,6,6,4,6,4,4,4,3,4,6,6,6,6,6,6
54200884,4,6,3,4,5,1,5,3,2,4,2,3,4,4,4,5,5
54200981,5,4,2,4,2,2,2,5,2,4,5,4,1,5,5,4,4
54201031,4,5,3,2,2,1,5,3,3,4,3,2,2,5,4,5,4
54201032,3,5,4,2,5,2,1,4,3,4,2,6,2,4,4,5,4
54201091,2,5,3,4,5,2,3,5,3,4,4,4,4,1,1,2,1
54201194,4,4,4,2,4,4,4,4,3,4,2,4,2,4,4,4,3
54201201,4,3,2,5,4,3,2,5,3,5,2,3,2,4,3,3,3
54201220,4,5,4,3,5,1,5,3,2,5,2,2,4,4,4,2,5
54201221,3,5,2,4,4,2,5,4,4,2,2,4,4,4,3,2,3
54260008,3,3,3,3,2,2,4,4,1,1,2,4,2,4,3,4,2
54260043,6,2,4,3,3,2,3,5,4,4,4,4,2,4,2,2,4
54260044,6,3,6,5,5,6,6,5,3,5,5,5,3,3,6,2,6
54260060,3,5,3,4,4,3,3,3,3,4,4,2,2,4,2,2,2
54260075,4,5,3,4,4,5,3,5,4,3,5,4,3,3,4,4,1
54260076,4,5,3,4,4,5,3,5,3,3,4,5,3,4,2,4,1
54260117,6,4,4,3,4,2,4,4,2,3,2,6,4,6,6,4,3
54260118,6,4,4,3,4,2,4,4,2,3,2,6,4,6,6,4,3
54260136,6,4,3,4,6,3,4,3,3,3,3,6,3,3,3,2,6
54260137,1,5,5,4,5,2,3,5,2,5,5,4,4,5,2,4,1
54260138,3,5,4,4,5,3,3,5,2,5,5,4,3,5,6,1,1
54260155,4,5,4,3,2,3,4,4,2,4,4,4,3,4,4,4,3
54260172,6,4,4,4,4,4,4,5,4,5,5,4,3,6,2,2,3
54260175,1,5,3,5,5,3,1,5,5,3,5,5,1,5,3,5,1
54260211,4,3,2,5,5,1,3,5,3,4,4,4,2,2,6,2,6
54260212,4,3,3,2,3,5,4,5,4,4,2,4,2,2,6,5,1
54260217,2,5,4,5,4,1,4,5,3,4,3,6,2,3,4,5,4
54260218,3,3,4,4,3,2,5,3,2,4,3,2,1,4,3,4,3
54260229,3,5,2,2,4,4,5,3,2,5,3,5,3,4,4,4,1
54260241,3,4,4,4,4,2,4,1,3,6,2,2,2,5,4,5,5
54260314,3,5,4,5,4,4,4,4,3,2,3,4,3,3,2,3,3
54260327,4,5,2,5,5,1,5,3,1,5,1,1,1,5,5,5,3
54260331,1,5,4,2,5,1,5,5,3,5,5,2,1,5,2,4,1
54260349,4,5,4,3,4,3,4,4,3,4,3,2,2,4,4,5,5
54260350,4,5,4,3,4,3,4,4,3,4,3,2,2,4,4,5,5
54260373,1,4,4,2,5,4,3,5,3,5,4,5,4,3,6,3,1
54260389,6,5,3,5,3,4,4,1,3,5,2,5,4,3,6,4,4
54260390,1,4,5,5,5,2,1,6,6,6,3,4,4,4,4,3,3
54260409,4,5,3,5,5,1,5,5,3,5,5,1,2,4,1,1,1
54260410,4,5,6,5,5,3,5,5,3,5,5,6,2,4,5,2,1
54260417,3,2,4,5,5,3,5,4,3,4,5,4,3,4,4,4,4
54260483,3,5,3,1,5,3,5,5,4,3,5,3,4,2,1,2,1
54260556,4,5,2,5,4,1,5,6,2,6,2,4,2,4,4,5,5
54260567,1,5,2,2,4,4,4,5,2,4,4,6,5,1,6,3,1
54260611,3,3,3,5,5,5,3,5,5,3,5,5,4,2,6,3,6
54260612,3,3,3,5,5,5,3,5,5,3,5,5,4,2,6,3,6
54260695,3,5,4,2,4,4,5,5,2,5,3,4,2,4,4,4,1
54260731,3,5,4,4,4,4,3,6,6,6,3,2,2,4,4,5,4
54260732,3,5,4,4,4,4,3,6,6,6,3,2,2,4,4,5,4
54260750,3,5,3,3,5,2,4,5,4,3,4,5,3,1,1,1,3
54260756,4,3,6,4,4,1,5,3,4,1,5,6,2,5,5,5,6
54260792,6,4,6,3,4,6,4,4,4,4,2,4,6,6,6,6,6
54260870,3,5,5,2,4,2,5,4,2,5,3,2,1,5,5,5,4
54260889,3,2,2,2,4,1,3,5,2,3,4,4,3,2,2,4,1
54260897,3,5,2,1,5,1,3,5,5,4,4,6,1,5,6,3,6
54260925,2,5,4,5,5,2,4,4,2,1,4,3,6,2,2,2,1
54261011,4,5,2,1,5,2,4,5,4,4,4,3,4,1,1,2,6
54261040,5,5,5,1,4,4,2,4,3,5,3,4,5,1,1,4,3
54261041,2,5,4,2,4,4,2,4,2,3,3,4,4,1,2,2,1
54261110,3,6,4,4,4,3,4,6,6,6,4,4,2,4,3,4,4
54261111,1,5,4,5,5,2,4,5,4,3,3,2,4,3,2,2,6
54261138,2,5,2,2,4,2,3,5,4,5,5,5,2,4,2,3,4
54261190,3,4,4,5,5,4,4,5,5,4,5,2,2,4,1,2,1
54261209,2,5,5,3,4,1,5,3,2,5,2,3,2,3,4,5,2
54261292,3,4,3,4,5,5,3,3,2,4,4,2,2,4,3,3,3
54261326,6,5,5,1,4,2,5,3,2,3,2,2,2,4,3,4,4
54261327,6,5,5,1,4,1,5,3,2,3,2,2,2,4,3,4,4
54261364,5,5,1,1,1,1,5,5,3,5,1,1,3,5,2,3,4
54261408,3,3,4,2,4,3,4,5,2,4,3,2,6,6,6,1,6
54261409,3,5,3,5,2,5,2,5,2,5,5,3,1,5,4,5,4
54261413,3,4,3,3,2,2,3,4,2,4,2,2,4,4,4,4,4
54261430,1,5,3,2,5,4,4,5,3,4,4,6,6,6,6,2,1
54261438,4,6,6,4,4,2,5,6,6,6,2,3,2,5,5,5,5
54261458,6,6,6,2,4,2,2,5,4,3,3,3,2,6,6,6,6
54261491,3,5,3,2,4,1,4,4,3,4,3,2,2,4,3,4,4
54261512,3,4,4,5,3,3,3,3,2,3,3,3,3,4,3,4,3
54261518,6,4,4,4,4,3,6,4,3,3,6,6,3,2,6,2,6
54261519,6,4,4,4,4,3,6,4,3,3,6,6,3,4,6,2,6
54261566,2,4,1,5,4,4,4,5,4,4,5,4,4,2,2,2,1
54261567,1,4,1,4,5,2,4,5,4,5,4,4,4,2,2,2,2
54261626,5,5,4,3,4,2,5,3,1,5,4,2,5,3,3,5,5
54261627,4,5,4,1,4,2,4,4,2,4,3,3,1,5,4,4,2
54420061,6,4,2,4,4,3,4,4,1,4,4,3,3,4,2,4,4
54420062,6,4,2,4,3,3,3,4,2,4,4,2,3,4,1,4,4
54420085,5,5,5,1,2,3,4,2,2,4,3,4,2,4,4,2,2
54420119,5,3,5,4,5,2,5,3,2,3,1,2,2,5,5,5,5
54420120,4,5,5,1,2,1,5,4,2,5,2,1,1,5,5,5,5
54420163,3,5,5,1,3,1,5,5,2,5,3,3,1,5,3,2,4
54420363,4,5,1,2,4,3,3,2,2,3,2,2,2,1,4,4,3
54420437,4,3,4,5,5,2,2,5,2,4,4,2,2,1,4,4,3
54420441,6,3,6,2,4,3,4,4,3,4,4,4,2,3,6,3,6
54420563,3,5,5,5,3,3,3,5,5,5,5,5,5,3,1,3,1
54420577,3,5,5,3,4,4,4,4,2,3,4,5,4,4,4,4,4
54420578,5,5,5,2,5,2,2,3,4,4,4,4,4,2,2,4,4
54420585,3,4,4,4,4,2,4,4,2,4,4,4,2,4,4,2,2
54420606,4,6,4,2,4,2,4,4,2,4,2,1,1,5,5,4,3
54420643,2,5,4,2,4,1,5,4,2,5,4,2,1,4,5,4,2
54420653,3,5,4,4,4,1,5,4,2,5,5,3,4,4,4,5,3
54420654,4,5,5,2,4,1,4,5,3,5,1,3,3,4,1,3,1
54420688,6,4,4,4,2,1,5,4,1,5,2,2,4,4,4,2,5
54420699,5,5,3,5,3,3,5,2,2,4,4,2,2,5,4,5,2
54420839,3,3,3,4,2,2,5,4,3,4,4,4,3,4,3,3,2
54420840,1,1,1,1,3,1,5,4,3,3,5,3,1,5,3,2,2
54420907,4,5,3,4,4,3,4,4,3,3,5,2,3,4,3,5,3
54420910,3,4,3,5,5,3,5,6,6,6,5,6,4,5,4,5,6
54420971,3,5,4,3,4,3,4,3,3,5,4,4,3,3,4,4,3
54420972,3,5,4,3,4,3,4,4,3,4,4,4,3,3,4,4,3
54421043,3,5,3,2,4,1,5,6,2,5,4,3,1,5,4,5,3
54421061,3,5,5,2,2,1,5,5,3,4,2,3,3,2,4,4,1
54421085,3,5,3,3,4,2,5,4,2,3,4,3,2,5,4,3,2
54421151,2,4,4,2,4,3,1,4,2,4,2,4,5,1,2,4,1
54421189,6,5,4,4,4,3,4,5,3,4,2,3,2,2,2,3,1
54421191,4,5,4,2,4,2,4,4,2,5,5,2,2,5,5,2,4
54421192,4,5,4,2,4,2,4,4,2,5,5,2,2,5,5,2,4
54421201,2,4,4,2,4,2,4,4,2,4,3,2,2,4,4,4,2
54421227,6,6,6,4,4,2,4,6,6,6,3,6,2,4,4,4,3
54421257,6,5,6,5,5,1,5,2,2,5,2,2,2,4,4,5,3
54421282,4,5,6,3,5,1,3,6,6,5,4,2,3,5,5,5,1
54421379,2,1,2,2,4,5,4,2,2,5,4,4,4,2,1,3,2
54421439,3,4,3,1,4,3,6,4,3,4,3,4,4,4,5,3,1
54421440,3,4,4,4,2,3,4,5,3,4,3,4,3,3,4,2,2
54429999,2,4,5,5,1,2,5,2,1,4,3,3,2,4,4,4,5
54440017,1,4,1,2,4,4,3,5,5,3,4,3,5,3,5,2,1
54440058,4,4,4,3,5,3,6,5,4,4,4,4,3,4,3,4,4
54440108,5,6,4,6,5,2,5,4,2,4,1,1,1,5,5,5,1
54440122,4,4,3,4,2,3,4,4,2,2,2,3,2,4,3,2,4
54440123,3,4,3,2,4,4,4,3,2,4,4,4,4,4,4,2,4
54440148,6,5,4,5,5,1,4,5,5,4,6,6,4,6,6,4,3
54440149,6,5,3,5,5,1,5,4,4,4,2,3,2,4,2,3,4
54440188,3,3,6,5,5,3,1,5,4,3,5,5,2,4,6,1,1
54440235,1,5,6,4,5,5,3,5,4,4,4,4,2,3,4,4,4
54440238,2,5,4,5,5,4,3,5,4,5,5,5,5,1,1,1,1
54440239,4,5,3,4,4,4,3,5,4,5,5,4,5,1,1,4,1
54440295,3,4,3,5,5,3,3,5,5,4,4,4,3,4,4,4,4
54440340,6,4,3,2,5,3,4,5,5,5,5,3,3,2,1,4,2
54440341,6,4,3,3,4,3,4,5,4,4,5,6,3,2,1,4,2
54440366,3,4,4,3,3,4,4,5,2,4,4,2,4,3,4,4,6
54440426,3,5,1,5,4,1,4,4,1,5,5,5,1,5,5,2,2
54440438,1,4,1,5,5,4,4,1,1,5,4,1,4,5,4,5,1
54440439,1,5,1,5,4,2,4,1,1,1,3,1,4,4,5,5,1
54440474,3,6,4,4,4,5,2,5,4,3,4,5,3,6,6,4,4
54440475,3,6,4,4,4,5,2,5,4,3,4,5,3,6,6,4,4
54440508,4,5,3,4,5,2,4,5,4,2,2,4,3,3,3,3,1
54440509,4,5,3,4,5,2,4,5,4,2,2,4,3,3,3,3,1
54440528,3,3,6,3,5,1,1,5,5,3,5,5,3,2,6,6,6
54440529,3,3,6,3,5,1,1,5,5,3,5,5,3,2,6,6,6
54440541,6,4,4,3,3,3,6,4,2,4,3,4,3,3,3,4,4
54440560,6,4,4,4,4,3,4,4,3,3,4,2,6,4,6,3,6
54440574,5,4,5,1,5,1,4,4,2,4,1,2,1,5,5,5,5
54440575,4,4,4,2,2,2,4,4,2,1,1,3,1,5,4,5,4
54440582,5,4,4,4,4,3,5,5,5,5,5,4,3,5,6,3,6
54440583,5,4,4,4,4,3,5,5,5,5,5,4,3,5,6,3,6
54440592,3,4,3,2,5,2,4,4,3,3,3,2,2,3,1,3,3
54440704,6,6,6,4,4,2,3,5,3,4,3,3,3,2,5,3,6
54440796,3,5,4,5,4,3,4,4,2,4,4,4,3,3,3,2,2
54440872,6,2,3,4,4,1,6,3,2,4,3,6,6,6,6,4,6
54440873,6,2,3,4,4,1,6,3,2,4,3,6,6,6,6,4,6
54440891,1,5,3,5,5,5,5,5,3,5,5,5,2,4,1,3,6
54440922,3,5,2,2,5,2,3,5,2,4,5,4,3,3,1,2,1
54440949,2,2,1,3,5,3,1,5,4,3,5,5,3,1,3,3,3
54440982,2,3,4,3,4,1,4,4,2,4,1,4,1,5,4,4,4
54440983,3,4,6,5,5,5,1,5,5,1,1,3,4,1,4,4,4
54440987,3,6,4,3,3,2,5,1,1,4,3,3,3,4,5,5,4
54441060,3,3,3,4,4,4,4,4,3,3,3,3,3,3,3,3,3
54441126,1,5,4,4,4,1,4,4,2,5,3,4,3,5,4,5,4
54441127,3,3,3,4,3,2,4,2,1,2,3,4,5,2,2,2,1
54441132,1,4,6,5,5,3,5,5,5,3,3,6,4,2,6,3,1
54540006,1,4,5,4,4,3,2,1,4,5,4,2,1,4,4,5,4
54540010,3,3,3,4,4,3,3,4,4,4,3,4,5,2,2,2,2
54540021,5,4,5,5,5,3,4,5,3,3,5,5,3,5,2,5,3
54540022,5,4,5,5,5,3,4,5,3,3,5,5,3,5,2,5,3
54540027,4,4,4,1,4,2,5,5,2,4,2,2,1,5,4,5,4
54540059,3,4,3,3,3,2,4,4,3,4,4,3,3,3,3,4,3
54540098,4,5,3,5,5,1,3,5,4,5,5,6,4,4,2,2,6
54540107,6,5,4,4,4,3,5,4,4,4,3,4,2,5,4,5,4
54540135,2,5,1,5,5,1,4,5,4,4,4,6,6,1,1,2,1
54540136,2,5,2,5,4,3,3,4,2,4,4,3,4,3,4,4,1
54540145,4,6,4,3,4,2,5,6,1,6,2,6,2,2,4,4,3
54540163,5,4,4,4,4,3,4,4,3,4,2,4,4,3,2,3,2
54540164,5,4,4,4,4,4,3,3,4,2,2,4,4,3,2,4,2
54540180,2,3,1,3,5,3,1,5,5,3,1,6,1,4,4,4,1
54540184,6,4,6,6,4,6,4,4,3,4,6,4,3,4,3,6,6
54540243,4,4,2,3,5,4,3,4,2,5,1,3,3,2,1,3,2
54540269,4,4,4,3,4,2,4,4,2,4,3,3,2,5,2,4,2
54540270,6,4,4,4,4,2,5,4,1,5,4,4,4,4,4,4,2
54540399,4,5,3,5,5,3,2,5,5,5,5,5,5,1,1,5,3
54540400,1,5,2,5,5,4,2,4,2,5,4,3,3,2,1,2,4
54540426,3,4,2,3,4,3,4,5,4,3,4,3,3,4,2,3,2
54540451,3,4,3,4,4,2,4,4,3,4,4,3,2,4,3,3,2
54540452,2,4,2,2,4,2,4,4,2,4,4,2,2,4,2,4,2
54540466,2,4,2,4,4,2,4,5,3,4,4,4,2,4,6,2,3
54540581,2,5,3,5,4,1,5,4,2,4,4,2,1,5,4,4,3
54540632,2,4,4,3,4,1,3,4,3,4,4,4,1,4,4,5,2
54540662,2,4,5,2,3,2,2,4,2,5,2,4,4,4,5,2,4
54540663,1,1,5,5,4,1,1,5,3,1,2,4,1,5,5,5,3
54540683,3,5,1,6,4,3,1,5,3,3,4,3,4,3,2,5,6
54540713,5,5,5,2,4,1,5,4,2,5,3,2,4,4,3,5,4
54540714,6,4,4,4,4,2,4,3,2,4,4,3,2,3,2,3,1
54540811,3,4,4,4,2,2,2,3,3,3,4,1,3,2,1,5,4
54540812,4,3,4,4,4,2,1,4,3,2,4,2,1,3,2,4,3
54540853,2,5,4,5,5,2,4,5,4,5,5,5,4,4,3,4,2
54540858,4,4,4,5,4,3,6,5,5,4,4,2,2,4,6,2,1
54540888,3,4,4,4,4,2,4,4,4,4,4,3,3,2,2,2,2
54540917,5,6,5,2,2,2,6,5,2,5,3,4,2,1,6,4,2
54540918,4,5,5,1,4,2,3,3,3,4,3,3,2,3,2,4,4
54540951,3,2,5,5,4,1,4,4,4,3,4,4,3,4,4,3,6
54540955,3,5,4,2,4,1,5,5,1,5,3,3,2,2,3,2,1
54540965,4,5,4,1,3,1,4,5,3,4,4,4,4,5,1,4,1
54540966,4,5,4,1,3,1,4,5,3,4,4,4,4,5,1,4,1
54540989,2,5,4,5,4,5,3,5,5,3,3,3,1,5,5,4,3
54541011,4,6,6,5,5,6,4,6,6,6,2,2,2,4,4,4,4
54541019,5,5,6,5,6,3,1,4,5,5,5,5,5,1,5,5,6
54541020,6,6,6,2,4,2,5,5,5,5,5,5,5,1,1,6,1
54541039,2,5,4,2,2,2,4,5,3,4,4,4,3,4,3,4,4
54541041,3,3,2,5,5,1,3,5,4,3,4,4,3,2,4,3,3
54541081,5,6,4,3,3,3,5,3,6,6,3,1,1,5,4,5,3
54544037,4,5,4,2,4,3,4,5,2,4,4,2,2,5,5,5,1
56080019,4,2,4,3,4,2,4,4,2,3,2,3,2,4,4,4,4
56080029,4,4,5,3,2,5,3,3,2,4,3,3,3,4,4,4,3
56080061,3,5,6,6,3,3,5,1,1,5,4,6,2,5,5,4,5
56080065,3,4,4,2,5,1,4,5,4,5,4,4,2,5,4,5,2
56080075,6,5,4,3,5,2,5,5,4,4,2,3,2,5,5,4,4
56080089,2,5,2,4,4,2,3,4,3,4,4,3,2,2,1,2,3
56080090,2,5,2,4,5,3,4,4,4,3,4,3,2,2,2,2,3
56080129,4,5,5,2,3,2,4,1,1,5,4,1,1,4,4,5,4
56080130,5,4,4,3,4,2,5,4,2,4,4,4,2,4,4,4,4
56080176,2,3,4,3,4,3,3,5,3,2,3,2,3,2,1,3,3
56080245,4,4,2,4,4,2,4,4,4,4,4,3,3,3,3,4,2
56080246,5,5,5,5,5,3,3,4,4,4,4,4,2,3,3,4,4
56080315,3,5,4,4,5,2,5,4,2,5,2,3,1,3,3,4,1
56080316,2,5,4,4,3,2,4,4,2,4,3,2,2,6,6,3,2
56080325,3,4,3,6,5,2,4,5,4,2,5,4,4,3,3,3,5
56080562,3,3,1,5,3,3,2,4,3,4,3,3,2,4,3,3,4
56080623,2,5,3,3,5,4,4,5,3,4,4,5,4,2,6,3,2
56080781,2,4,3,5,5,3,3,5,4,4,5,3,3,2,6,3,1
56080782,2,4,3,5,5,3,3,5,4,4,5,3,3,2,6,3,1
56080828,3,1,2,6,4,4,5,5,2,5,4,6,3,3,2,2,2
56080897,4,5,2,5,5,4,4,5,4,5,5,5,5,2,1,4,1
56080898,4,4,1,5,5,2,4,5,4,5,5,4,5,1,2,3,1
70130105,4,5,5,3,3,2,4,3,3,4,2,4,3,3,3,3,3
70130106,3,6,3,4,4,3,4,6,6,6,3,6,3,4,4,5,2
70130149,4,5,4,3,4,3,4,3,2,4,3,3,4,4,4,5,2
70130259,2,6,5,3,3,2,5,6,6,6,4,3,3,4,3,5,5
70130275,3,4,3,4,4,2,4,6,6,6,3,6,2,4,4,4,2
70130293,3,4,3,2,4,2,4,4,4,4,4,4,2,4,6,3,4
70130294,1,5,3,2,2,1,3,4,2,3,4,4,4,4,3,4,2
70130349,3,4,5,2,2,2,5,5,5,5,1,5,2,5,5,5,3
70130388,3,5,4,2,3,2,4,4,2,4,5,1,1,5,5,5,1
70130402,4,4,5,3,4,5,4,4,3,4,3,3,4,3,2,4,2
70130414,3,5,4,4,4,4,4,5,2,5,5,3,4,4,2,4,2
70130507,4,5,4,3,4,3,4,5,3,4,4,6,3,4,3,6,6
70130508,4,4,5,3,4,3,4,4,3,4,4,4,3,4,3,6,6
70130662,6,3,6,4,4,2,2,5,4,2,5,6,2,3,6,3,6
70130666,3,3,4,2,4,2,5,4,4,4,5,3,2,4,4,4,3
70130723,4,4,3,5,4,3,4,4,4,4,4,4,4,3,4,3,2
70130765,5,5,1,4,4,1,4,1,1,5,2,4,4,5,5,5,4
70130766,5,6,2,4,5,2,4,6,1,5,4,1,2,5,5,5,5
70130777,4,4,4,3,3,2,3,4,2,5,4,3,2,2,4,4,4
70130778,3,4,3,2,4,2,4,5,4,4,4,4,2,4,3,4,2
70130787,3,4,4,1,4,1,5,5,3,4,2,3,1,5,2,4,3
70130792,6,4,6,3,5,5,3,5,3,3,3,5,3,2,3,3,1
70130805,5,5,5,5,5,3,4,5,2,5,1,3,5,5,5,5,5
70130807,3,4,3,3,4,2,4,4,2,3,2,2,4,2,2,2,2
70130808,2,6,6,5,5,2,5,5,3,4,4,3,4,3,6,4,3
70130813,4,5,4,4,5,3,4,5,4,3,4,4,4,3,3,3,5
70130835,3,4,3,3,5,3,3,5,4,4,3,2,2,5,4,5,4
70130867,3,6,3,6,4,4,4,4,3,4,4,4,2,4,5,4,2
70130868,3,6,6,5,4,3,4,6,6,6,4,4,3,5,4,4,3
70130905,4,4,4,5,3,1,4,4,3,4,3,4,4,3,3,4,2
70130947,3,5,4,2,4,1,5,5,4,4,4,4,3,4,4,5,3
70130951,1,5,1,1,5,3,4,5,4,3,2,2,2,3,2,2,1
70130952,2,5,2,2,5,3,4,5,4,3,2,2,2,3,2,2,1
70130969,2,5,2,2,5,2,4,5,4,5,2,2,2,5,4,4,1
70130998,3,6,3,3,4,2,3,6,3,5,3,4,4,5,5,5,1
70131013,2,5,1,5,5,1,1,4,2,4,4,2,3,2,1,4,1
70131063,2,2,3,3,5,3,4,5,2,2,3,3,4,5,4,4,4
70131064,3,4,3,3,4,3,4,4,2,4,4,3,4,4,4,4,4
70140005,4,2,4,4,3,1,4,3,3,3,3,1,2,5,3,4,4
70140006,3,4,2,3,4,5,4,5,4,2,4,4,2,6,6,2,1
70140010,3,4,2,2,5,5,4,1,1,1,5,1,5,5,5,5,5
70140027,6,4,5,4,5,3,4,4,3,4,4,4,3,4,4,4,2
70140059,2,4,2,4,4,2,3,3,4,3,4,2,2,3,4,2,4
70140060,2,4,2,4,4,2,3,3,4,3,4,2,2,3,4,2,4
70140078,1,5,5,5,5,4,5,5,1,5,5,5,3,5,5,5,5
70140103,3,5,4,2,4,2,3,2,2,4,5,4,2,3,4,4,4
70140136,5,4,1,5,5,3,4,6,1,5,3,1,1,5,5,5,4
70140141,4,5,4,2,3,2,4,4,2,5,2,3,1,3,4,5,1
70140142,5,5,2,5,5,1,5,4,2,4,1,4,1,5,5,5,4
70140190,3,5,6,6,4,1,5,5,5,3,4,5,2,4,5,2,5
70140229,6,5,2,4,4,2,4,5,4,5,5,5,1,5,1,1,1
70140237,3,3,3,3,3,3,3,3,2,5,5,5,3,3,3,4,4
70140247,4,4,3,3,4,3,4,4,4,5,4,4,4,4,4,4,3
70140248,4,5,3,2,5,2,4,5,5,4,5,5,5,3,3,3,4
70140281,4,5,4,4,4,2,3,5,2,4,4,4,4,4,6,2,6
70140294,3,3,6,3,4,2,3,4,4,3,4,6,3,3,4,6,4
70140295,2,5,2,3,3,2,5,5,3,4,3,4,4,4,4,2,4
70640218,6,5,3,3,2,3,4,5,4,4,3,4,1,5,5,4,5
70740007,4,4,4,4,4,1,5,4,3,4,3,4,4,4,4,4,3
70740029,6,3,5,6,5,1,5,5,4,4,3,1,1,5,2,4,4
70740047,4,2,3,2,3,3,4,5,2,4,2,4,2,5,4,4,3
70740079,3,4,4,2,4,2,6,5,5,4,4,4,4,4,4,4,3
70740120,2,3,3,4,4,3,3,4,3,3,3,3,2,4,3,4,4
70740127,1,5,4,2,2,1,3,5,5,5,5,5,1,2,4,1,1
70740128,2,4,4,4,4,2,3,5,4,4,4,4,2,3,3,1,1
70740134,3,4,4,4,4,3,4,5,4,4,4,3,4,4,2,6,3
70740135,3,4,4,3,4,4,3,5,4,4,4,4,2,4,3,4,4
70740171,4,6,4,6,1,1,5,3,2,4,1,4,2,4,2,5,4
70740172,4,5,3,1,5,2,5,5,2,5,3,4,4,4,4,5,5
70740182,6,5,3,5,6,5,3,5,1,5,5,6,5,1,6,1,6
70740186,6,1,6,3,4,3,6,4,3,5,5,6,3,3,6,6,6
70740215,3,4,4,4,5,2,3,4,4,3,4,4,3,3,3,4,4
70740257,3,5,4,2,4,1,4,5,2,5,1,1,4,3,2,2,4
70740266,4,4,5,2,4,2,4,4,4,5,2,2,1,4,5,4,1
70740299,3,4,4,2,2,2,4,4,2,5,2,2,1,5,5,2,3
70740427,4,4,4,3,5,2,4,4,4,4,2,2,2,4,4,4,2
80630371,3,4,3,4,4,3,4,4,4,3,4,4,4,3,3,4,2
90300005,3,5,5,1,5,2,3,4,1,1,5,1,5,2,1,5,3
90300011,4,5,4,4,5,4,2,4,3,5,5,3,6,6,6,2,4
90300012,4,5,4,4,5,4,2,4,3,5,5,3,6,6,6,2,4
90300013,3,5,5,3,4,3,5,5,1,5,2,1,3,4,1,5,4
90300075,2,3,3,5,5,3,4,5,4,2,3,3,3,4,1,3,2
90300088,4,5,4,2,5,2,4,5,4,5,5,5,5,4,4,4,4
90300114,2,4,3,2,4,3,4,5,3,4,4,4,3,4,4,3,6
90300122,3,5,3,4,4,5,4,5,3,4,5,4,4,2,3,2,3
90300138,6,5,5,6,4,4,4,4,4,5,5,4,4,4,6,2,6
90300157,6,4,6,3,5,3,2,5,5,4,4,6,6,6,6,1,6
90300158,6,4,6,3,5,2,3,5,5,4,4,6,6,6,3,3,2
90300161,4,4,3,3,3,2,3,4,4,4,4,4,4,3,4,2,3
90300284,3,5,4,2,4,3,4,5,3,2,4,5,4,4,1,3,2
90300309,3,6,6,3,3,3,3,4,3,4,3,4,3,5,4,5,4
90300331,2,3,2,1,1,2,3,4,4,3,3,3,3,3,2,2,2
90300336,6,5,4,5,3,3,5,6,6,6,5,3,5,4,3,5,1
90300344,3,3,4,5,4,3,5,4,4,4,3,6,3,4,4,6,3
90300345,4,5,5,2,4,2,5,4,1,4,3,2,2,4,3,5,2
90300367,3,4,3,3,4,4,4,4,4,4,3,4,3,4,2,3,4
90300375,4,5,3,3,3,3,4,4,3,4,2,4,3,4,4,3,2
90300385,1,2,3,3,4,2,4,5,4,3,3,4,2,3,6,3,1
90300423,6,6,3,6,4,6,4,4,4,4,4,3,6,4,3,4,1
90300470,2,4,4,2,2,1,3,4,2,3,2,1,4,3,3,4,3
90300496,1,5,4,4,2,1,5,5,3,5,2,6,6,5,1,4,4
90300555,3,5,3,3,4,2,4,4,2,4,3,2,4,4,4,4,4
90300557,4,4,4,6,4,6,4,4,4,4,3,6,4,4,6,4,6
90300602,3,4,3,2,4,3,3,4,4,4,4,3,3,3,3,6,3
90300795,2,6,3,4,4,2,5,5,2,4,4,4,4,3,1,4,2
90300827,4,2,4,4,4,2,4,5,2,3,4,4,2,5,1,4,1
90300837,2,4,3,4,4,2,4,4,4,5,4,4,4,2,2,4,4
90300838,2,5,2,5,4,2,5,4,5,4,3,4,2,2,4,4,2
90300909,4,5,2,2,4,3,4,4,2,5,3,4,3,2,2,4,1
90300910,4,5,2,2,4,3,4,4,2,5,3,4,3,2,2,4,1
90300943,3,3,3,3,3,3,3,3,3,3,3,3,3,3,3,3,3
90300953,3,3,6,3,4,1,5,3,1,4,2,1,2,4,4,4,4
90301009,4,5,2,3,4,2,2,5,2,5,4,5,3,4,2,2,4
90301010,4,5,2,3,4,2,2,5,2,4,4,5,3,4,2,2,4
90301034,6,4,5,2,4,1,5,4,2,5,2,2,2,5,4,4,4
90301035,2,5,3,4,4,2,4,5,2,4,4,4,3,2,1,2,1
90301060,3,4,4,3,3,2,4,3,2,3,4,4,3,3,3,3,3
90301084,3,4,4,3,2,2,5,4,2,2,2,4,3,4,4,5,3
90301094,6,5,5,4,4,5,5,4,3,4,5,4,5,4,4,6,6
90301125,2,4,3,4,4,3,5,4,3,4,4,3,3,4,4,4,3
90301139,5,4,4,4,4,4,5,4,5,4,4,4,6,2,1,4,2
90302015,4,5,3,5,3,3,3,2,2,2,2,3,5,4,5,3,3
90302016,4,3,3,4,3,1,3,3,3,3,4,3,3,3,3,1,2
90302017,4,5,3,4,3,3,3,2,3,2,2,3,5,4,4,3,3
90302018,4,5,3,5,3,3,3,3,2,2,2,2,3,4,5,3,3
90320070,4,5,5,4,4,3,5,1,3,3,3,2,3,4,4,4,4
90320178,4,4,4,2,6,2,4,3,2,4,2,3,2,5,3,5,4
90320344,4,4,3,2,4,2,4,4,5,4,2,4,4,4,4,4,4
90320350,3,5,4,2,3,3,4,4,2,5,3,3,5,4,5,4,4
90320365,3,5,5,5,5,5,5,4,4,4,4,4,3,4,3,3,3
90320388,2,5,4,3,3,2,2,4,6,4,4,4,2,5,3,2,2
90320450,3,5,3,5,5,3,3,5,5,5,5,5,3,3,5,6,6
90320560,5,6,5,6,4,1,5,3,1,3,3,1,1,5,5,5,5
90320623,2,5,1,1,5,3,4,5,4,5,5,1,3,5,4,5,4
90320643,3,3,4,2,4,2,4,4,2,4,2,2,2,4,4,4,4
90320647,3,4,3,5,5,3,5,3,4,4,2,3,4,2,4,4,4
90320660,3,3,2,3,5,2,2,5,3,5,5,5,4,2,1,3,4
90320676,2,6,2,5,5,2,3,6,2,4,4,2,2,4,4,5,4
90320677,2,4,5,3,4,1,5,5,3,5,1,1,3,5,4,4,4
90320680,4,5,5,1,5,1,4,4,3,2,2,2,2,5,5,4,4
90320689,4,4,4,2,2,2,4,4,2,5,3,4,4,4,4,2,4
90320692,4,5,3,5,4,1,4,2,2,5,5,3,4,5,1,5,4
90320693,3,4,2,2,4,2,2,5,5,4,2,3,4,4,5,4,5
90320700,3,4,3,2,4,3,4,5,5,4,4,1,2,5,4,4,4
90320713,3,3,2,4,4,2,4,5,3,4,4,3,2,4,4,1,3
90320748,3,5,1,5,5,2,5,4,3,4,3,4,1,5,4,5,3
90320760,4,6,6,4,4,2,4,6,6,6,3,6,2,4,4,4,3
90320770,4,5,6,5,6,1,3,4,3,3,5,6,2,4,4,5,3
90320828,3,6,6,4,4,3,3,6,6,6,3,6,3,6,4,4,3
90320845,3,4,4,5,4,3,4,3,3,4,4,3,3,4,2,4,3
90320850,4,4,4,2,4,2,4,4,2,4,2,2,2,4,4,4,4
90321032,6,4,3,6,4,3,5,4,3,4,3,3,4,4,3,3,4
90321063,3,4,3,2,5,2,4,4,2,3,3,3,2,4,4,2,4
90321110,1,6,5,3,1,1,5,4,1,5,3,1,2,4,4,5,5
90321111,3,4,3,3,4,2,4,4,3,3,2,2,1,5,2,3,3
90321235,4,5,4,3,2,2,4,2,4,4,3,3,4,4,4,3,4
90321290,6,5,3,2,5,3,3,5,4,4,4,4,2,2,2,2,4
90321321,3,5,4,2,3,1,5,1,1,5,1,1,1,5,5,5,5
90321322,3,5,4,2,3,1,5,1,1,5,1,1,1,5,5,5,5
90321326,3,4,4,4,1,1,5,1,2,5,1,1,1,5,5,5,5
92460013,6,6,2,5,5,1,4,5,4,4,3,4,3,4,4,4,6
92460014,3,5,3,3,5,1,5,5,2,5,4,5,2,4,1,2,4
92460049,2,4,2,4,4,2,2,6,6,6,3,6,3,4,4,3,4
92460083,3,6,6,5,5,1,6,5,6,6,6,6,6,6,6,2,6
92460117,2,2,2,5,4,1,6,4,3,5,3,2,2,5,3,2,1
92460119,3,4,4,4,3,2,4,4,3,4,3,6,3,2,6,3,6
92460121,5,4,4,2,5,3,3,3,3,4,5,6,6,6,6,2,1
92460123,5,5,3,2,5,1,3,5,1,5,1,4,2,5,2,5,3
92460172,3,4,2,4,3,2,4,4,2,4,2,4,2,4,3,4,2
92460177,3,6,2,6,4,2,4,5,5,4,4,4,5,3,3,3,3
92460263,4,5,2,4,4,4,4,4,3,4,4,4,3,4,4,3,2
92460281,3,2,1,5,5,5,2,5,5,4,5,5,6,6,6,2,1
92460282,3,4,1,3,4,4,1,5,5,3,5,5,5,1,1,2,6
92460355,2,3,2,4,4,3,4,4,4,4,3,3,6,6,6,3,1
92460361,3,4,3,5,4,3,3,4,3,4,4,2,2,4,3,4,6
92460391,2,2,2,4,2,4,4,5,3,3,3,3,2,2,1,2,2
92460392,2,2,2,4,2,4,4,5,3,3,3,3,2,2,1,2,2
92460438,3,6,4,5,4,1,5,4,2,4,4,4,3,3,6,1,6
92460449,2,4,4,2,4,2,5,2,2,5,3,3,2,5,4,1,2
92460601,2,6,6,5,5,1,6,5,5,2,4,5,1,5,6,1,3
92460602,2,4,2,5,5,2,4,4,2,4,4,6,2,1,1,3,1
92460612,6,4,6,5,5,5,6,4,6,4,3,5,4,3,3,3,6
92460615,4,3,3,5,3,1,3,4,3,3,4,4,2,4,5,4,3
92460616,1,5,3,5,4,1,3,5,3,3,3,1,3,5,3,4,5
92460638,2,3,2,4,4,2,5,5,3,4,3,1,2,1,2,4,5
92460665,1,5,5,5,5,1,4,5,1,5,4,4,3,3,2,1,1
92460717,4,4,4,4,3,3,2,4,4,4,3,2,3,2,1,2,2
92460719,2,2,2,5,4,2,4,5,2,4,2,4,3,4,4,3,1
92460779,4,5,3,4,4,5,4,4,2,4,4,2,2,5,4,4,4
92460819,6,3,6,3,3,2,5,3,2,4,3,6,2,6,6,2,1
95240035,2,4,3,5,5,3,3,5,5,3,5,5,5,5,5,2,1
95240036,5,3,5,2,5,3,3,5,5,3,5,5,5,2,3,3,2
95240129,2,5,6,6,5,2,5,5,1,2,2,3,2,3,2,3,1
95240137,2,5,2,5,5,5,5,5,5,6,5,5,5,5,5,2,2
95240138,6,5,5,5,5,6,6,6,5,6,6,6,6,6,6,5,6
95240219,4,5,3,3,4,2,2,5,3,4,3,5,4,4,4,3,3
95240220,4,5,3,3,4,2,2,5,3,4,3,5,4,4,4,3,3
95240253,1,5,1,1,5,2,2,5,3,5,5,6,6,6,6,6,6
95240283,6,4,6,5,3,5,5,4,2,2,2,2,3,4,4,4,1
95240293,4,5,5,5,1,1,5,4,1,4,1,3,1,5,5,5,4
95240294,4,5,5,5,1,1,5,4,1,4,1,3,1,5,5,5,4
95240296,5,3,5,6,4,1,5,5,4,4,1,5,5,5,5,2,1
95240344,6,4,3,3,5,4,3,5,4,3,5,5,3,4,6,6,6
95240363,3,5,2,2,3,2,4,4,3,4,2,4,2,4,4,4,2
95240420,3,4,4,5,5,3,4,4,3,3,3,3,2,5,4,5,5
95240423,3,5,5,1,1,1,4,5,1,5,4,2,4,4,4,5,2
95240424,4,4,3,4,5,1,4,2,4,4,3,4,2,4,4,5,1
95240431,4,4,3,5,4,3,4,4,3,4,4,3,4,4,3,3,3
95240439,1,6,3,5,5,5,1,5,5,5,5,5,1,6,6,1,1
95240444,2,5,4,4,4,1,4,5,1,4,2,6,3,4,3,4,2
95240547,2,5,4,5,4,1,4,5,3,2,4,2,2,4,1,4,1
95240554,3,5,3,5,5,1,6,5,3,5,5,1,1,5,4,5,1
95240585,6,3,4,3,4,3,4,3,3,3,6,6,2,4,4,2,3
95240586,6,6,4,4,4,2,4,6,6,6,6,2,2,4,4,4,3
95240597,3,3,3,3,3,3,5,3,3,3,3,3,4,3,3,4,6
95240643,4,3,5,4,4,2,4,4,3,4,4,4,5,4,3,2,4
95240671,3,4,2,3,5,3,4,5,2,4,3,3,2,4,4,4,2
95240673,3,3,4,1,4,2,3,4,4,3,2,2,2,4,4,3,3
95240679,1,2,3,4,5,4,3,3,5,4,3,2,1,2,1,5,3
95240835,3,6,6,3,3,3,3,6,6,6,6,6,3,3,6,6,6
95240945,3,5,4,3,3,2,4,5,2,4,3,4,4,3,3,3,3
95240987,3,3,3,3,3,3,3,6,6,6,3,6,3,4,4,4,4
95241061,5,4,5,4,5,3,5,4,3,5,3,3,5,5,3,5,3
95241099,3,3,3,3,4,2,3,6,6,6,2,6,1,4,5,3,3
95241108,4,5,4,3,4,1,5,5,3,5,4,4,4,1,6,2,4
96040078,6,5,6,5,5,3,4,5,5,5,5,5,6,6,1,2,1
96040108,6,5,1,5,5,4,6,4,2,5,5,5,5,1,6,2,6
96040136,3,4,3,4,4,2,3,4,3,4,3,3,3,3,2,2,2
96040213,3,4,3,4,5,3,4,5,4,4,4,3,2,4,3,6,4
96040214,3,4,2,4,5,3,4,5,5,3,5,4,3,2,3,6,4
96040311,5,3,4,5,5,6,6,5,2,5,6,4,1,5,1,2,3
96040355,2,3,4,3,3,1,4,3,2,4,4,4,3,4,4,4,4
96040363,3,3,5,5,5,1,2,5,5,1,4,4,3,5,6,4,6
96040369,3,4,3,2,4,4,5,4,3,2,3,3,3,4,4,5,4
96040370,3,4,3,2,4,4,5,4,3,2,3,3,3,4,4,5,4
96040381,4,5,2,5,2,1,4,4,1,5,3,4,1,5,5,5,5
96040382,4,5,2,5,2,1,5,4,1,5,3,4,1,5,5,5,5
96040427,4,4,4,4,4,2,3,4,3,4,4,4,2,4,3,4,3
96040433,2,5,3,4,4,3,3,5,4,5,4,2,2,4,4,4,4
96040452,4,5,5,1,2,2,5,5,3,5,2,1,5,5,5,2,4
96040493,1,4,5,5,4,5,5,5,2,3,1,3,1,5,1,5,2
96040496,2,5,6,5,4,1,4,5,5,4,5,5,1,5,3,2,1
96040515,3,4,6,5,5,3,4,4,3,3,3,4,3,3,3,3,6
96040531,3,3,3,5,5,3,4,5,5,3,3,3,3,3,3,4,3
96040537,4,6,6,5,5,2,6,5,6,6,4,4,3,3,3,6,6
96040538,5,3,3,5,5,3,6,5,5,3,5,6,4,3,6,1,1
95240328,4,4,4,3,3,2,4,4,2,4,2,2,2,4,4,3,3
70130633,5,5,5,4,2,2,5,1,3,5,1,2,1,5,5,3,2
54421279,4,2,3,5,5,1,6,5,3,5,2,2,1,5,5,5,1
30860447,4,3,4,4,4,2,4,5,3,3,5,6,5,4,3,5,3
